"","SITE","Protein.Name","Peptide.Sequence","Pep.Trans","Area","st.err"
"1","CI","Arachidonate 5-lipoxygenase","APGLPAQIK","APGLPAQIK y6",355565.363636364,88239.4774454231
"2","CI","Arachidonate 5-lipoxygenase","APGLPAQIK","APGLPAQIK y5",6339278.54545455,1649798.55374407
"3","CI","Arachidonate 5-lipoxygenase","APGLPAQIK","APGLPAQIK y4",119809.636363636,32912.1849550292
"4","CI","Arachidonate 5-lipoxygenase","GLGLGGVPGQNGK","GLGLGGVPGQNGK y9",1063860.09090909,216269.299900692
"5","CI","Arachidonate 5-lipoxygenase","GLGLGGVPGQNGK","GLGLGGVPGQNGK y8",236436.636363636,47241.0050678766
"6","CI","Arachidonate 5-lipoxygenase","GLGLGGVPGQNGK","GLGLGGVPGQNGK y6",1410216.36363636,288011.541152095
"7","CI","Arachidonate 5-lipoxygenase","MDVEGTLPEDLK","MDVEGTLPEDLK y9",577036,131253.75340808
"8","CI","Arachidonate 5-lipoxygenase","MDVEGTLPEDLK","MDVEGTLPEDLK y8",916669.090909091,216225.008950838
"9","CI","Arachidonate 5-lipoxygenase","MDVEGTLPEDLK","MDVEGTLPEDLK y5",786683.636363636,184778.275868885
"10","CI","Catalase","AGELGGSDPDYAMR","AGELGGSDPDYAMR y10",823347.636363636,210218.043652787
"11","CI","Catalase","AGELGGSDPDYAMR","AGELGGSDPDYAMR y6",1468333.54545455,322276.263743543
"12","CI","Catalase","AGELGGSDPDYAMR","AGELGGSDPDYAMR y4",235330.181818182,58516.0134958905
"13","CI","Catalase","LTANIAGHLIGAQEFIQK","LTANIAGHLIGAQEFIQK y9",120477.363636364,22256.6867064802
"14","CI","Catalase","LTANIAGHLIGAQEFIQK","LTANIAGHLIGAQEFIQK y8",160338.545454545,29240.5946013923
"15","CI","Catalase","LTANIAGHLIGAQEFIQK","LTANIAGHLIGAQEFIQK y3",99405.9090909091,19313.2800413011
"16","CI","Catalase","LYSYSDTHR","LYSYSDTHR y6",106505.727272727,23488.8346226228
"17","CI","Catalase","LYSYSDTHR","LYSYSDTHR y5",114256.727272727,25156.8566355869
"18","CI","Catalase","LYSYSDTHR","LYSYSDTHR y3",61078.1818181818,13276.9343290728
"19","CI","Cytochrome P450","IITRPFNVNGLLAYDSR","IITRPFNVNGLLAYDSR y6",253608.909090909,63734.5288458953
"20","CI","Cytochrome P450","IITRPFNVNGLLAYDSR","IITRPFNVNGLLAYDSR y5",244846.636363636,62051.4964892098
"21","CI","Cytochrome P450","IITRPFNVNGLLAYDSR","IITRPFNVNGLLAYDSR y4",59229.8181818182,13329.2266650246
"22","CI","Cytochrome P450","QSLLPFGATGPR","QSLLPFGATGPR y8",1517652.81818182,361240.5858879
"23","CI","Cytochrome P450","QSLLPFGATGPR","QSLLPFGATGPR y7",67471.0909090909,17482.2559260185
"24","CI","Cytochrome P450","QSLLPFGATGPR","QSLLPFGATGPR y6",66683.2727272727,15852.899353454
"25","CI","Cytochrome P450","WLDESGVFLPEEHPSR","WLDESGVFLPEEHPSR y9",87355.4545454545,22466.0848506299
"26","CI","Cytochrome P450","WLDESGVFLPEEHPSR","WLDESGVFLPEEHPSR y7",441837,111173.895909557
"27","CI","Cytochrome P450","WLDESGVFLPEEHPSR","WLDESGVFLPEEHPSR y4",128720.909090909,33082.3964429463
"28","CI","Glycogen phosphorylase, muscle form","APNSFNLR","APNSFNLR y5",769772.545454545,145349.145429039
"29","CI","Glycogen phosphorylase, muscle form","APNSFNLR","APNSFNLR y4",354180.090909091,65666.0894942192
"30","CI","Glycogen phosphorylase, muscle form","APNSFNLR","APNSFNLR y3",249781.818181818,41083.5254866823
"31","CI","Glycogen phosphorylase, muscle form","TSFDAFPDK","TSFDAFPDK y6",581424.727272727,112090.948027694
"32","CI","Glycogen phosphorylase, muscle form","TSFDAFPDK","TSFDAFPDK y5",342382.636363636,67600.5619709391
"33","CI","Glycogen phosphorylase, muscle form","TSFDAFPDK","TSFDAFPDK y3",556706.090909091,109586.503755581
"34","CI","Glycogen phosphorylase, muscle form","VLYPNDNFFEGK","VLYPNDNFFEGK y9",968275.636363636,182719.329309601
"35","CI","Glycogen phosphorylase, muscle form","VLYPNDNFFEGK","VLYPNDNFFEGK y8",101420.090909091,20998.7245991294
"36","CI","Glycogen phosphorylase, muscle form","VLYPNDNFFEGK","VLYPNDNFFEGK y4",57272.9090909091,11414.7262336896
"37","CI","Heat shock 70 kDa protein","IINEPTAAALAYGLDK","IINEPTAAALAYGLDK y12",3854344.81818182,820461.068411623
"38","CI","Heat shock 70 kDa protein","IINEPTAAALAYGLDK","IINEPTAAALAYGLDK y9",784053.272727273,172163.082033185
"39","CI","Heat shock 70 kDa protein","IINEPTAAALAYGLDK","IINEPTAAALAYGLDK y6",872005.636363636,197172.32598029
"40","CI","Heat shock 70 kDa protein","NAVVTVPAYFNDAQR","NAVVTVPAYFNDAQR y12",117212.909090909,27142.5098057221
"41","CI","Heat shock 70 kDa protein","NAVVTVPAYFNDAQR","NAVVTVPAYFNDAQR y11",222194.636363636,51719.6516576318
"42","CI","Heat shock 70 kDa protein","NAVVTVPAYFNDAQR","NAVVTVPAYFNDAQR y9",1902274.45454545,421662.346073261
"43","CI","Heat shock 70 kDa protein","TTPSYVAFNDTER","TTPSYVAFNDTER y8",68068.6363636364,12839.5638330568
"44","CI","Heat shock 70 kDa protein","TTPSYVAFNDTER","TTPSYVAFNDTER y7",109555.818181818,21636.4722632109
"45","CI","Heat shock 70 kDa protein","TTPSYVAFNDTER","TTPSYVAFNDTER y6",42937.0909090909,8950.86690210359
"46","CI","Heat shock protein HSP 90-alpha","DSSTMGYMAAK","DSSTMGYMAAK y8",554099,139328.66483254
"47","CI","Heat shock protein HSP 90-alpha","DSSTMGYMAAK","DSSTMGYMAAK y7",866716.727272727,219938.090965703
"48","CI","Heat shock protein HSP 90-alpha","DSSTMGYMAAK","DSSTMGYMAAK y6",932826.909090909,236025.567816149
"49","CI","Heat shock protein HSP 90-alpha","EVVQSSAFVER","EVVQSSAFVER y8",2273341.54545455,504108.541616068
"50","CI","Heat shock protein HSP 90-alpha","EVVQSSAFVER","EVVQSSAFVER y7",3888907.90909091,882341.266137237
"51","CI","Heat shock protein HSP 90-alpha","EVVQSSAFVER","EVVQSSAFVER y6",983686.545454545,225158.357654073
"52","CI","Heat shock protein HSP 90-alpha","GVVDSEDLPLNISR","GVVDSEDLPLNISR y11",730783.818181818,154060.054792681
"53","CI","Heat shock protein HSP 90-alpha","GVVDSEDLPLNISR","GVVDSEDLPLNISR y7",1488090.63636364,330031.980516993
"54","CI","Heat shock protein HSP 90-alpha","GVVDSEDLPLNISR","GVVDSEDLPLNISR y6",4730234.45454545,1027622.78188746
"55","CI","Peroxiredoxin-1","ALFIIDDK","ALFIIDDK y5",1003587,181511.912006548
"56","CI","Peroxiredoxin-1","ALFIIDDK","ALFIIDDK y4",1042787.36363636,195002.434788355
"57","CI","Peroxiredoxin-1","ALFIIDDK","ALFIIDDK y3",262323.909090909,48711.5491843109
"58","CI","Peroxiredoxin-1","LVQAFQFTDK","LVQAFQFTDK y7",743224.909090909,147254.035071397
"59","CI","Peroxiredoxin-1","LVQAFQFTDK","LVQAFQFTDK y6",401245.909090909,78642.8002168903
"60","CI","Peroxiredoxin-1","LVQAFQFTDK","LVQAFQFTDK y4",220532,44678.2382911412
"61","CI","Peroxiredoxin-1","QITMNDLPVGR","QITMNDLPVGR y7",702815.636363636,153169.183098136
"62","CI","Peroxiredoxin-1","QITMNDLPVGR","QITMNDLPVGR y5",953759.090909091,213938.79768686
"63","CI","Peroxiredoxin-1","QITMNDLPVGR","QITMNDLPVGR y4",1103529.18181818,240213.010576742
"64","CI","Protein disulfide-isomerase (PDI)","DNVVVIGFFK","DNVVVIGFFK y7",3230577.09090909,652029.296081904
"65","CI","Protein disulfide-isomerase (PDI)","DNVVVIGFFK","DNVVVIGFFK y6",2344383.63636364,489843.919451237
"66","CI","Protein disulfide-isomerase (PDI)","DNVVVIGFFK","DNVVVIGFFK y5",641031.727272727,132270.171623777
"67","CI","Protein disulfide-isomerase (PDI)","MDSTANEVEDVK","MDSTANEVEDVK y8",788793.545454545,163797.639902542
"68","CI","Protein disulfide-isomerase (PDI)","MDSTANEVEDVK","MDSTANEVEDVK y7",741546.454545455,152125.222507366
"69","CI","Protein disulfide-isomerase (PDI)","MDSTANEVEDVK","MDSTANEVEDVK y5",293330.545454545,60943.9685498624
"70","CI","Protein disulfide-isomerase (PDI)","NNKPSDYQGGR","NNKPSDYQGGR y8",509025.818181818,112206.064979233
"71","CI","Protein disulfide-isomerase (PDI)","NNKPSDYQGGR","NNKPSDYQGGR y7",21777.5454545455,4781.97651293353
"72","CI","Protein disulfide-isomerase (PDI)","NNKPSDYQGGR","NNKPSDYQGGR y5",53952.3636363636,12274.0086807802
"73","CI","Puromycin-sensitive aminopeptidase","LNSGSVGVYR","LNSGSVGVYR y7",372409.909090909,78341.8056998775
"74","CI","Puromycin-sensitive aminopeptidase","LNSGSVGVYR","LNSGSVGVYR y5",255990.818181818,54388.5689421823
"75","CI","Puromycin-sensitive aminopeptidase","LNSGSVGVYR","LNSGSVGVYR y4",364649.818181818,76605.9298414256
"76","CI","Puromycin-sensitive aminopeptidase","SIQQSVENIR","SIQQSVENIR y7",770182.272727273,173878.686649007
"77","CI","Puromycin-sensitive aminopeptidase","SIQQSVENIR","SIQQSVENIR y6",780023.909090909,184578.149883726
"78","CI","Puromycin-sensitive aminopeptidase","SIQQSVENIR","SIQQSVENIR y4",395950.818181818,98470.2749074163
"79","CI","Puromycin-sensitive aminopeptidase","SLTENFVTEEQAK","SLTENFVTEEQAK y7",307307.363636364,59280.7731231441
"80","CI","Puromycin-sensitive aminopeptidase","SLTENFVTEEQAK","SLTENFVTEEQAK y6",324143.181818182,63647.8982095057
"81","CI","Puromycin-sensitive aminopeptidase","SLTENFVTEEQAK","SLTENFVTEEQAK y4",63252.7272727273,12156.3565437937
"82","CI","Ras-related protein Rab-11B","AQLWDTAGQER","AQLWDTAGQER y8",512507.181818182,91686.0741583939
"83","CI","Ras-related protein Rab-11B","AQLWDTAGQER","AQLWDTAGQER y7",281073.090909091,51516.7544171893
"84","CI","Ras-related protein Rab-11B","AQLWDTAGQER","AQLWDTAGQER y6",129908.272727273,25046.1480831215
"85","CI","Ras-related protein Rab-11B","STIGVEFATR","STIGVEFATR y7",1383562.72727273,277566.220832995
"86","CI","Ras-related protein Rab-11B","STIGVEFATR","STIGVEFATR y5",638937.545454545,125173.363566068
"87","CI","Ras-related protein Rab-11B","STIGVEFATR","STIGVEFATR y4",200147.636363636,39833.2691425996
"88","CI","Ras-related protein Rab-11B","VVLVGDSGVGK","VVLVGDSGVGK y7",295790.545454545,64848.6822438995
"89","CI","Ras-related protein Rab-11B","VVLVGDSGVGK","VVLVGDSGVGK y5",70619.5454545455,15589.9790141346
"90","CI","Sodium/potassium-transporting ATPase subunit alpha-4 ","LLDQVWPDLR","LLDQVWPDLR y6",129014.454545455,26514.7112913031
"91","CI","Sodium/potassium-transporting ATPase subunit alpha-4 ","LLDQVWPDLR","LLDQVWPDLR y5",318187.545454545,63172.1526592739
"92","CI","Sodium/potassium-transporting ATPase subunit alpha-4 ","LLDQVWPDLR","LLDQVWPDLR y4",131808.454545455,26365.6366629553
"93","CI","Sodium/potassium-transporting ATPase subunit alpha-4 ","MVTGDNVNTAR","MVTGDNVNTAR y8",94106.7272727273,21521.3311780285
"94","CI","Sodium/potassium-transporting ATPase subunit alpha-4 ","MVTGDNVNTAR","MVTGDNVNTAR y6",55791.3636363636,13766.035855931
"95","CI","Sodium/potassium-transporting ATPase subunit alpha-4 ","MVTGDNVNTAR","MVTGDNVNTAR y4",57244.8181818182,12165.359426606
"96","CI","Sodium/potassium-transporting ATPase subunit alpha-4 ","TVIEPMAGDGLR","TVIEPMAGDGLR y9",116402.090909091,28343.1446883801
"97","CI","Sodium/potassium-transporting ATPase subunit alpha-4 ","TVIEPMAGDGLR","TVIEPMAGDGLR y8",476162.909090909,117729.439177714
"98","CI","Sodium/potassium-transporting ATPase subunit alpha-4 ","TVIEPMAGDGLR","TVIEPMAGDGLR y6",34069.3636363636,8847.55380910219
"99","CI","Superoxide dismutase","ISLTGPHSIIGR","ISLTGPHSIIGR y9",330819.272727273,86276.127053895
"100","CI","Superoxide dismutase","ISLTGPHSIIGR","ISLTGPHSIIGR y8",395527.727272727,108418.643630402
"101","CI","Superoxide dismutase","ISLTGPHSIIGR","ISLTGPHSIIGR y7",187179.909090909,49959.9945138753
"102","CI","Superoxide dismutase","THGAPTDEER","THGAPTDEER y7",24341.7272727273,5364.91467201637
"103","CI","Superoxide dismutase","THGAPTDEER","THGAPTDEER y6",87445.4545454545,20304.4443864632
"104","CI","Superoxide dismutase","THGAPTDEER","THGAPTDEER y3",19405.5454545455,4666.38503918015
"105","CI","Superoxide dismutase","TIVVHADVDDLGK","TIVVHADVDDLGK y9",257092.909090909,67352.710657398
"106","CI","Superoxide dismutase","TIVVHADVDDLGK","TIVVHADVDDLGK y8",165702.636363636,44416.2182587054
"107","CI","Trifunctional enzyme subunit beta, mitochondrial ","AAQDNGLLTDVLAYK","AAQDNGLLTDVLAYK y8",88539.9545454545,18861.198958137
"108","CI","Trifunctional enzyme subunit beta, mitochondrial ","AAQDNGLLTDVLAYK","AAQDNGLLTDVLAYK y7",57145.5,12603.1601756717
"109","CI","Trifunctional enzyme subunit beta, mitochondrial ","AAQDNGLLTDVLAYK","AAQDNGLLTDVLAYK y3",40931.2727272727,8357.25642245969
"110","CI","Trifunctional enzyme subunit beta, mitochondrial ","ALELGLKPK","ALELGLKPK y6",121294.909090909,28551.468767013
"111","CI","Trifunctional enzyme subunit beta, mitochondrial ","ALELGLKPK","ALELGLKPK y5",120577.727272727,29167.1320870508
"112","CI","Trifunctional enzyme subunit beta, mitochondrial ","ALELGLKPK","ALELGLKPK y3",22863.6363636364,5431.23528603129
"113","CI","Trifunctional enzyme subunit beta, mitochondrial ","FNLWGGSLSLGHPFGATGVR","FNLWGGSLSLGHPFGATGVR y12",19243.7272727273,5033.75522771638
"114","CI","Trifunctional enzyme subunit beta, mitochondrial ","FNLWGGSLSLGHPFGATGVR","FNLWGGSLSLGHPFGATGVR y10",62201.3636363636,14833.7078851897
"115","CI","Trifunctional enzyme subunit beta, mitochondrial ","FNLWGGSLSLGHPFGATGVR","FNLWGGSLSLGHPFGATGVR y8",176149.636363636,44389.6894556449
"116","PG","Arachidonate 5-lipoxygenase","APGLPAQIK","APGLPAQIK y6",396960.181818182,63553.6138042402
"117","PG","Arachidonate 5-lipoxygenase","APGLPAQIK","APGLPAQIK y5",6626886.36363636,1108020.26382084
"118","PG","Arachidonate 5-lipoxygenase","APGLPAQIK","APGLPAQIK y4",123799.727272727,23055.611523244
"119","PG","Arachidonate 5-lipoxygenase","GLGLGGVPGQNGK","GLGLGGVPGQNGK y9",1177527,150582.099711571
"120","PG","Arachidonate 5-lipoxygenase","GLGLGGVPGQNGK","GLGLGGVPGQNGK y8",264401.181818182,33762.407220247
"121","PG","Arachidonate 5-lipoxygenase","GLGLGGVPGQNGK","GLGLGGVPGQNGK y6",1567613.81818182,206653.784457387
"122","PG","Arachidonate 5-lipoxygenase","MDVEGTLPEDLK","MDVEGTLPEDLK y9",803242.454545455,149093.58715679
"123","PG","Arachidonate 5-lipoxygenase","MDVEGTLPEDLK","MDVEGTLPEDLK y8",1294579.18181818,247667.565346256
"124","PG","Arachidonate 5-lipoxygenase","MDVEGTLPEDLK","MDVEGTLPEDLK y5",1086930.27272727,211374.76748313
"125","PG","Catalase","AGELGGSDPDYAMR","AGELGGSDPDYAMR y10",639685.727272727,124299.7976433
"126","PG","Catalase","AGELGGSDPDYAMR","AGELGGSDPDYAMR y6",945250.727272727,195071.405313686
"127","PG","Catalase","AGELGGSDPDYAMR","AGELGGSDPDYAMR y4",178779.454545455,37943.9623031274
"128","PG","Catalase","LTANIAGHLIGAQEFIQK","LTANIAGHLIGAQEFIQK y9",121744.727272727,15520.0603367448
"129","PG","Catalase","LTANIAGHLIGAQEFIQK","LTANIAGHLIGAQEFIQK y8",152526.363636364,19947.899799807
"130","PG","Catalase","LTANIAGHLIGAQEFIQK","LTANIAGHLIGAQEFIQK y3",96414.0909090909,13125.2835130969
"131","PG","Catalase","LYSYSDTHR","LYSYSDTHR y6",83948.6363636364,17743.4867626368
"132","PG","Catalase","LYSYSDTHR","LYSYSDTHR y5",88938.1818181818,21647.5097336719
"133","PG","Catalase","LYSYSDTHR","LYSYSDTHR y3",50112.7272727273,11959.8159822351
"134","PG","Cytochrome P450","IITRPFNVNGLLAYDSR","IITRPFNVNGLLAYDSR y6",286062.636363636,29296.7497434823
"135","PG","Cytochrome P450","IITRPFNVNGLLAYDSR","IITRPFNVNGLLAYDSR y5",270041.545454545,28224.0188799165
"136","PG","Cytochrome P450","IITRPFNVNGLLAYDSR","IITRPFNVNGLLAYDSR y4",65508.6363636364,6046.56131618734
"137","PG","Cytochrome P450","QSLLPFGATGPR","QSLLPFGATGPR y8",1592687.90909091,223066.451899651
"138","PG","Cytochrome P450","QSLLPFGATGPR","QSLLPFGATGPR y7",72875.9090909091,10820.5717017965
"139","PG","Cytochrome P450","QSLLPFGATGPR","QSLLPFGATGPR y6",68849.6363636364,9517.71531912296
"140","PG","Cytochrome P450","WLDESGVFLPEEHPSR","WLDESGVFLPEEHPSR y9",88328.8181818182,9559.1833550192
"141","PG","Cytochrome P450","WLDESGVFLPEEHPSR","WLDESGVFLPEEHPSR y7",440933.181818182,51998.055438959
"142","PG","Cytochrome P450","WLDESGVFLPEEHPSR","WLDESGVFLPEEHPSR y4",120395.454545455,13845.1614734099
"143","PG","Glycogen phosphorylase, muscle form","APNSFNLR","APNSFNLR y5",989906.272727273,133065.109647946
"144","PG","Glycogen phosphorylase, muscle form","APNSFNLR","APNSFNLR y4",450313.181818182,57896.2135792564
"145","PG","Glycogen phosphorylase, muscle form","APNSFNLR","APNSFNLR y3",236517.181818182,36279.3675716197
"146","PG","Glycogen phosphorylase, muscle form","TSFDAFPDK","TSFDAFPDK y6",671037.727272727,96840.2004319103
"147","PG","Glycogen phosphorylase, muscle form","TSFDAFPDK","TSFDAFPDK y5",389233.818181818,59445.9210917893
"148","PG","Glycogen phosphorylase, muscle form","TSFDAFPDK","TSFDAFPDK y3",644530.272727273,100366.428978119
"149","PG","Glycogen phosphorylase, muscle form","VLYPNDNFFEGK","VLYPNDNFFEGK y9",1121842.81818182,161914.192457319
"150","PG","Glycogen phosphorylase, muscle form","VLYPNDNFFEGK","VLYPNDNFFEGK y8",115893.545454545,19582.5297824193
"151","PG","Glycogen phosphorylase, muscle form","VLYPNDNFFEGK","VLYPNDNFFEGK y4",66703.6363636364,9983.28850836849
"152","PG","Heat shock 70 kDa protein","IINEPTAAALAYGLDK","IINEPTAAALAYGLDK y12",7638636.72727273,954233.46959035
"153","PG","Heat shock 70 kDa protein","IINEPTAAALAYGLDK","IINEPTAAALAYGLDK y9",1609864.18181818,214516.953420504
"154","PG","Heat shock 70 kDa protein","IINEPTAAALAYGLDK","IINEPTAAALAYGLDK y6",1784958.45454545,254695.805861758
"155","PG","Heat shock 70 kDa protein","NAVVTVPAYFNDAQR","NAVVTVPAYFNDAQR y12",196627.727272727,25588.9153079613
"156","PG","Heat shock 70 kDa protein","NAVVTVPAYFNDAQR","NAVVTVPAYFNDAQR y11",400677.818181818,50363.9976068436
"157","PG","Heat shock 70 kDa protein","NAVVTVPAYFNDAQR","NAVVTVPAYFNDAQR y9",3445020,418510.264573501
"158","PG","Heat shock 70 kDa protein","TTPSYVAFNDTER","TTPSYVAFNDTER y8",133584.818181818,17010.5812336259
"159","PG","Heat shock 70 kDa protein","TTPSYVAFNDTER","TTPSYVAFNDTER y7",219004.181818182,28223.5723274707
"160","PG","Heat shock 70 kDa protein","TTPSYVAFNDTER","TTPSYVAFNDTER y6",83244.4545454545,9693.66781448182
"161","PG","Heat shock protein HSP 90-alpha","DSSTMGYMAAK","DSSTMGYMAAK y8",1067470.09090909,213954.324812158
"162","PG","Heat shock protein HSP 90-alpha","DSSTMGYMAAK","DSSTMGYMAAK y7",1687040.90909091,351501.511467007
"163","PG","Heat shock protein HSP 90-alpha","DSSTMGYMAAK","DSSTMGYMAAK y6",1821332,386968.826119836
"164","PG","Heat shock protein HSP 90-alpha","EVVQSSAFVER","EVVQSSAFVER y8",4475152.27272727,657757.36821488
"165","PG","Heat shock protein HSP 90-alpha","EVVQSSAFVER","EVVQSSAFVER y7",7759120.45454545,1199281.14121273
"166","PG","Heat shock protein HSP 90-alpha","EVVQSSAFVER","EVVQSSAFVER y6",1991661.18181818,315514.811533175
"167","PG","Heat shock protein HSP 90-alpha","GVVDSEDLPLNISR","GVVDSEDLPLNISR y11",1249504.54545455,167175.093530235
"168","PG","Heat shock protein HSP 90-alpha","GVVDSEDLPLNISR","GVVDSEDLPLNISR y7",2590450.72727273,380790.710932733
"169","PG","Heat shock protein HSP 90-alpha","GVVDSEDLPLNISR","GVVDSEDLPLNISR y6",8265334.18181818,1223505.60666147
"170","PG","Peroxiredoxin-1","ALFIIDDK","ALFIIDDK y5",1347153.90909091,163400.814994543
"171","PG","Peroxiredoxin-1","ALFIIDDK","ALFIIDDK y4",1424495,194926.417277066
"172","PG","Peroxiredoxin-1","ALFIIDDK","ALFIIDDK y3",361743.090909091,53658.6616697629
"173","PG","Peroxiredoxin-1","LVQAFQFTDK","LVQAFQFTDK y7",1014955.90909091,93625.366924049
"174","PG","Peroxiredoxin-1","LVQAFQFTDK","LVQAFQFTDK y6",547673.363636364,55370.2139551702
"175","PG","Peroxiredoxin-1","LVQAFQFTDK","LVQAFQFTDK y4",299361.545454545,29962.5496018442
"176","PG","Peroxiredoxin-1","QITMNDLPVGR","QITMNDLPVGR y7",919608.909090909,156924.57977579
"177","PG","Peroxiredoxin-1","QITMNDLPVGR","QITMNDLPVGR y5",1250750.72727273,229136.720995253
"178","PG","Peroxiredoxin-1","QITMNDLPVGR","QITMNDLPVGR y4",1476343.27272727,253288.068712469
"179","PG","Protein disulfide-isomerase (PDI)","DNVVVIGFFK","DNVVVIGFFK y7",5883193.63636364,815141.587092097
"180","PG","Protein disulfide-isomerase (PDI)","DNVVVIGFFK","DNVVVIGFFK y6",4302027.81818182,622208.553759835
"181","PG","Protein disulfide-isomerase (PDI)","DNVVVIGFFK","DNVVVIGFFK y5",1150415,168886.522315053
"182","PG","Protein disulfide-isomerase (PDI)","MDSTANEVEDVK","MDSTANEVEDVK y8",1297122.54545455,221432.536074016
"183","PG","Protein disulfide-isomerase (PDI)","MDSTANEVEDVK","MDSTANEVEDVK y7",1219607.27272727,215069.945727984
"184","PG","Protein disulfide-isomerase (PDI)","MDSTANEVEDVK","MDSTANEVEDVK y5",484972.181818182,84836.4708665301
"185","PG","Protein disulfide-isomerase (PDI)","NNKPSDYQGGR","NNKPSDYQGGR y8",917020.818181818,236793.172794427
"186","PG","Protein disulfide-isomerase (PDI)","NNKPSDYQGGR","NNKPSDYQGGR y7",38816.9090909091,9656.10905023771
"187","PG","Protein disulfide-isomerase (PDI)","NNKPSDYQGGR","NNKPSDYQGGR y5",96804.0909090909,25549.9343662045
"188","PG","Puromycin-sensitive aminopeptidase","LNSGSVGVYR","LNSGSVGVYR y7",611056.454545455,93550.7349078916
"189","PG","Puromycin-sensitive aminopeptidase","LNSGSVGVYR","LNSGSVGVYR y5",427453,65389.8771559691
"190","PG","Puromycin-sensitive aminopeptidase","LNSGSVGVYR","LNSGSVGVYR y4",606890.818181818,95419.3926416731
"191","PG","Puromycin-sensitive aminopeptidase","SIQQSVENIR","SIQQSVENIR y7",1112301.18181818,177309.358153627
"192","PG","Puromycin-sensitive aminopeptidase","SIQQSVENIR","SIQQSVENIR y6",1117211.72727273,189105.548018901
"193","PG","Puromycin-sensitive aminopeptidase","SIQQSVENIR","SIQQSVENIR y4",559397.545454545,95500.156932414
"194","PG","Puromycin-sensitive aminopeptidase","SLTENFVTEEQAK","SLTENFVTEEQAK y7",483073.636363636,66226.5208618081
"195","PG","Puromycin-sensitive aminopeptidase","SLTENFVTEEQAK","SLTENFVTEEQAK y6",491986,66915.3907048432
"196","PG","Puromycin-sensitive aminopeptidase","SLTENFVTEEQAK","SLTENFVTEEQAK y4",96031.2727272727,12460.7634678479
"197","PG","Ras-related protein Rab-11B","AQLWDTAGQER","AQLWDTAGQER y8",646121.636363636,82439.7902816212
"198","PG","Ras-related protein Rab-11B","AQLWDTAGQER","AQLWDTAGQER y7",357098.636363636,47683.5538961663
"199","PG","Ras-related protein Rab-11B","AQLWDTAGQER","AQLWDTAGQER y6",161510.545454545,22102.5994980285
"200","PG","Ras-related protein Rab-11B","STIGVEFATR","STIGVEFATR y7",1909082.18181818,305108.306883066
"201","PG","Ras-related protein Rab-11B","STIGVEFATR","STIGVEFATR y5",905264.181818182,142861.240282681
"202","PG","Ras-related protein Rab-11B","STIGVEFATR","STIGVEFATR y4",270125.636363636,42424.8005948649
"203","PG","Ras-related protein Rab-11B","VVLVGDSGVGK","VVLVGDSGVGK y7",446400.272727273,68500.2698878679
"204","PG","Ras-related protein Rab-11B","VVLVGDSGVGK","VVLVGDSGVGK y5",102274.363636364,18341.5197884585
"205","PG","Sodium/potassium-transporting ATPase subunit alpha-4 ","LLDQVWPDLR","LLDQVWPDLR y6",126426.818181818,14236.5599559203
"206","PG","Sodium/potassium-transporting ATPase subunit alpha-4 ","LLDQVWPDLR","LLDQVWPDLR y5",324161.727272727,39165.7115042995
"207","PG","Sodium/potassium-transporting ATPase subunit alpha-4 ","LLDQVWPDLR","LLDQVWPDLR y4",130602,14318.7382405015
"208","PG","Sodium/potassium-transporting ATPase subunit alpha-4 ","MVTGDNVNTAR","MVTGDNVNTAR y8",111011.818181818,22246.1702308993
"209","PG","Sodium/potassium-transporting ATPase subunit alpha-4 ","MVTGDNVNTAR","MVTGDNVNTAR y6",66933.1818181818,14288.8055228358
"210","PG","Sodium/potassium-transporting ATPase subunit alpha-4 ","MVTGDNVNTAR","MVTGDNVNTAR y4",68536.2727272727,13526.6054453577
"211","PG","Sodium/potassium-transporting ATPase subunit alpha-4 ","TVIEPMAGDGLR","TVIEPMAGDGLR y9",119290.181818182,21717.9979094919
"212","PG","Sodium/potassium-transporting ATPase subunit alpha-4 ","TVIEPMAGDGLR","TVIEPMAGDGLR y8",499246.181818182,90096.4210532066
"213","PG","Sodium/potassium-transporting ATPase subunit alpha-4 ","TVIEPMAGDGLR","TVIEPMAGDGLR y6",34955.6363636364,6136.16964070454
"214","PG","Superoxide dismutase","ISLTGPHSIIGR","ISLTGPHSIIGR y9",345719.545454545,69225.1057344954
"215","PG","Superoxide dismutase","ISLTGPHSIIGR","ISLTGPHSIIGR y8",423538.272727273,87793.0964190125
"216","PG","Superoxide dismutase","ISLTGPHSIIGR","ISLTGPHSIIGR y7",201601.636363636,38176.4792939014
"217","PG","Superoxide dismutase","THGAPTDEER","THGAPTDEER y7",25238.3636363636,7710.4313430487
"218","PG","Superoxide dismutase","THGAPTDEER","THGAPTDEER y6",81787.1818181818,23473.7869051719
"219","PG","Superoxide dismutase","THGAPTDEER","THGAPTDEER y3",19210.1818181818,5568.32547020635
"220","PG","Superoxide dismutase","TIVVHADVDDLGK","TIVVHADVDDLGK y9",296790.363636364,61110.421617128
"221","PG","Superoxide dismutase","TIVVHADVDDLGK","TIVVHADVDDLGK y8",194381.818181818,40857.0899815482
"222","PG","Trifunctional enzyme subunit beta, mitochondrial ","AAQDNGLLTDVLAYK","AAQDNGLLTDVLAYK y8",152571.090909091,23088.148429819
"223","PG","Trifunctional enzyme subunit beta, mitochondrial ","AAQDNGLLTDVLAYK","AAQDNGLLTDVLAYK y7",93514.4545454545,14561.037881567
"224","PG","Trifunctional enzyme subunit beta, mitochondrial ","AAQDNGLLTDVLAYK","AAQDNGLLTDVLAYK y3",64939.1818181818,9769.80526261509
"225","PG","Trifunctional enzyme subunit beta, mitochondrial ","ALELGLKPK","ALELGLKPK y6",179270.363636364,32287.8182109467
"226","PG","Trifunctional enzyme subunit beta, mitochondrial ","ALELGLKPK","ALELGLKPK y5",185765.818181818,33421.0694067022
"227","PG","Trifunctional enzyme subunit beta, mitochondrial ","ALELGLKPK","ALELGLKPK y3",33811.2727272727,6697.14743765231
"228","PG","Trifunctional enzyme subunit beta, mitochondrial ","FNLWGGSLSLGHPFGATGVR","FNLWGGSLSLGHPFGATGVR y12",39646.7272727273,7693.98352207857
"229","PG","Trifunctional enzyme subunit beta, mitochondrial ","FNLWGGSLSLGHPFGATGVR","FNLWGGSLSLGHPFGATGVR y10",118190.545454545,20974.9286770328
"230","PG","Trifunctional enzyme subunit beta, mitochondrial ","FNLWGGSLSLGHPFGATGVR","FNLWGGSLSLGHPFGATGVR y8",333510.454545455,60155.4698042518
"231","WB","Arachidonate 5-lipoxygenase","APGLPAQIK","APGLPAQIK y6",457870.666666667,62135.2033941982
"232","WB","Arachidonate 5-lipoxygenase","APGLPAQIK","APGLPAQIK y5",8041684.58333333,1175303.51413452
"233","WB","Arachidonate 5-lipoxygenase","APGLPAQIK","APGLPAQIK y4",149795.833333333,23842.1294976418
"234","WB","Arachidonate 5-lipoxygenase","GLGLGGVPGQNGK","GLGLGGVPGQNGK y9",1431570.5,157234.334026719
"235","WB","Arachidonate 5-lipoxygenase","GLGLGGVPGQNGK","GLGLGGVPGQNGK y8",317796.916666667,35596.5998336789
"236","WB","Arachidonate 5-lipoxygenase","GLGLGGVPGQNGK","GLGLGGVPGQNGK y6",1897295.08333333,215905.290470026
"237","WB","Arachidonate 5-lipoxygenase","MDVEGTLPEDLK","MDVEGTLPEDLK y9",921947,142602.281237437
"238","WB","Arachidonate 5-lipoxygenase","MDVEGTLPEDLK","MDVEGTLPEDLK y8",1501993.58333333,237585.211399668
"239","WB","Arachidonate 5-lipoxygenase","MDVEGTLPEDLK","MDVEGTLPEDLK y5",1250143.75,198763.269173487
"240","WB","Catalase","AGELGGSDPDYAMR","AGELGGSDPDYAMR y10",624188.916666667,94399.240025788
"241","WB","Catalase","AGELGGSDPDYAMR","AGELGGSDPDYAMR y6",1070121.5,164321.109952411
"242","WB","Catalase","AGELGGSDPDYAMR","AGELGGSDPDYAMR y4",171410.166666667,28312.1261323455
"243","WB","Catalase","LTANIAGHLIGAQEFIQK","LTANIAGHLIGAQEFIQK y9",107145.083333333,13153.1900816922
"244","WB","Catalase","LTANIAGHLIGAQEFIQK","LTANIAGHLIGAQEFIQK y8",130584.083333333,13199.149970598
"245","WB","Catalase","LTANIAGHLIGAQEFIQK","LTANIAGHLIGAQEFIQK y3",83458.8333333333,8636.61373546696
"246","WB","Catalase","LYSYSDTHR","LYSYSDTHR y6",77018.75,15773.1914355498
"247","WB","Catalase","LYSYSDTHR","LYSYSDTHR y5",82455.0833333333,17234.1514540252
"248","WB","Catalase","LYSYSDTHR","LYSYSDTHR y3",42453,8693.9870094918
"249","WB","Cytochrome P450","IITRPFNVNGLLAYDSR","IITRPFNVNGLLAYDSR y6",264024.916666667,35898.9737332121
"250","WB","Cytochrome P450","IITRPFNVNGLLAYDSR","IITRPFNVNGLLAYDSR y5",244825.25,32502.3380742028
"251","WB","Cytochrome P450","IITRPFNVNGLLAYDSR","IITRPFNVNGLLAYDSR y4",58894.5,7121.52107784013
"252","WB","Cytochrome P450","QSLLPFGATGPR","QSLLPFGATGPR y8",1606944.66666667,267830.288198158
"253","WB","Cytochrome P450","QSLLPFGATGPR","QSLLPFGATGPR y7",70879.5,11407.8375905526
"254","WB","Cytochrome P450","QSLLPFGATGPR","QSLLPFGATGPR y6",74519,11080.1438707703
"255","WB","Cytochrome P450","WLDESGVFLPEEHPSR","WLDESGVFLPEEHPSR y9",83130.25,12769.8430361755
"256","WB","Cytochrome P450","WLDESGVFLPEEHPSR","WLDESGVFLPEEHPSR y7",421858.833333333,65515.6242013878
"257","WB","Cytochrome P450","WLDESGVFLPEEHPSR","WLDESGVFLPEEHPSR y4",117606.166666667,19407.6469085713
"258","WB","Glycogen phosphorylase, muscle form","APNSFNLR","APNSFNLR y5",1035128.25,135876.048879346
"259","WB","Glycogen phosphorylase, muscle form","APNSFNLR","APNSFNLR y4",482644,61031.0480075014
"260","WB","Glycogen phosphorylase, muscle form","APNSFNLR","APNSFNLR y3",278850.5,41000.9629398192
"261","WB","Glycogen phosphorylase, muscle form","TSFDAFPDK","TSFDAFPDK y6",707268.333333333,99732.662881092
"262","WB","Glycogen phosphorylase, muscle form","TSFDAFPDK","TSFDAFPDK y5",414976.916666667,61070.2125090529
"263","WB","Glycogen phosphorylase, muscle form","TSFDAFPDK","TSFDAFPDK y3",673467.416666667,96518.6992125814
"264","WB","Glycogen phosphorylase, muscle form","VLYPNDNFFEGK","VLYPNDNFFEGK y9",1139281,146473.628375968
"265","WB","Glycogen phosphorylase, muscle form","VLYPNDNFFEGK","VLYPNDNFFEGK y8",121668.166666667,17215.7581618813
"266","WB","Glycogen phosphorylase, muscle form","VLYPNDNFFEGK","VLYPNDNFFEGK y4",68331.4166666667,9086.55186997424
"267","WB","Heat shock 70 kDa protein","IINEPTAAALAYGLDK","IINEPTAAALAYGLDK y12",4948075.25,452909.14663128
"268","WB","Heat shock 70 kDa protein","IINEPTAAALAYGLDK","IINEPTAAALAYGLDK y9",1008864.83333333,98619.0914469952
"269","WB","Heat shock 70 kDa protein","IINEPTAAALAYGLDK","IINEPTAAALAYGLDK y6",1106621.58333333,114104.701704211
"270","WB","Heat shock 70 kDa protein","NAVVTVPAYFNDAQR","NAVVTVPAYFNDAQR y12",140044.583333333,15652.7213746104
"271","WB","Heat shock 70 kDa protein","NAVVTVPAYFNDAQR","NAVVTVPAYFNDAQR y11",285759.75,30571.6319964463
"272","WB","Heat shock 70 kDa protein","NAVVTVPAYFNDAQR","NAVVTVPAYFNDAQR y9",2466315.25,259142.0731948
"273","WB","Heat shock 70 kDa protein","TTPSYVAFNDTER","TTPSYVAFNDTER y8",133641.333333333,16639.5034774102
"274","WB","Heat shock 70 kDa protein","TTPSYVAFNDTER","TTPSYVAFNDTER y7",211899.166666667,27936.5918592372
"275","WB","Heat shock 70 kDa protein","TTPSYVAFNDTER","TTPSYVAFNDTER y6",81143.6666666667,9637.22567611256
"276","WB","Heat shock protein HSP 90-alpha","DSSTMGYMAAK","DSSTMGYMAAK y8",678754.666666667,103011.908233902
"277","WB","Heat shock protein HSP 90-alpha","DSSTMGYMAAK","DSSTMGYMAAK y7",1054279.33333333,168994.267847083
"278","WB","Heat shock protein HSP 90-alpha","DSSTMGYMAAK","DSSTMGYMAAK y6",1135537.16666667,180470.795172332
"279","WB","Heat shock protein HSP 90-alpha","EVVQSSAFVER","EVVQSSAFVER y8",2651592.33333333,309784.760682324
"280","WB","Heat shock protein HSP 90-alpha","EVVQSSAFVER","EVVQSSAFVER y7",4477437.83333333,547227.461863255
"281","WB","Heat shock protein HSP 90-alpha","EVVQSSAFVER","EVVQSSAFVER y6",1125882.5,138862.605942671
"282","WB","Heat shock protein HSP 90-alpha","GVVDSEDLPLNISR","GVVDSEDLPLNISR y11",938206.583333333,119051.22170459
"283","WB","Heat shock protein HSP 90-alpha","GVVDSEDLPLNISR","GVVDSEDLPLNISR y7",1923923,257903.853376955
"284","WB","Heat shock protein HSP 90-alpha","GVVDSEDLPLNISR","GVVDSEDLPLNISR y6",6031808.66666667,790609.857282879
"285","WB","Peroxiredoxin-1","ALFIIDDK","ALFIIDDK y5",1175995.75,119377.812511886
"286","WB","Peroxiredoxin-1","ALFIIDDK","ALFIIDDK y4",1227442.41666667,132005.054586044
"287","WB","Peroxiredoxin-1","ALFIIDDK","ALFIIDDK y3",303276.833333333,33266.6691790778
"288","WB","Peroxiredoxin-1","LVQAFQFTDK","LVQAFQFTDK y7",784573.25,74962.2468567006
"289","WB","Peroxiredoxin-1","LVQAFQFTDK","LVQAFQFTDK y6",428928,42752.1540155546
"290","WB","Peroxiredoxin-1","LVQAFQFTDK","LVQAFQFTDK y4",236412.166666667,23974.1360443548
"291","WB","Peroxiredoxin-1","QITMNDLPVGR","QITMNDLPVGR y7",843483.166666667,120488.106621839
"292","WB","Peroxiredoxin-1","QITMNDLPVGR","QITMNDLPVGR y5",1141911.33333333,172903.780078661
"293","WB","Peroxiredoxin-1","QITMNDLPVGR","QITMNDLPVGR y4",1325792.08333333,193590.651154325
"294","WB","Protein disulfide-isomerase (PDI)","DNVVVIGFFK","DNVVVIGFFK y7",3647127.33333333,424263.454197699
"295","WB","Protein disulfide-isomerase (PDI)","DNVVVIGFFK","DNVVVIGFFK y6",2636035.83333333,312116.3597615
"296","WB","Protein disulfide-isomerase (PDI)","DNVVVIGFFK","DNVVVIGFFK y5",700462.083333333,84880.8294766451
"297","WB","Protein disulfide-isomerase (PDI)","MDSTANEVEDVK","MDSTANEVEDVK y8",755596.583333333,126904.936200259
"298","WB","Protein disulfide-isomerase (PDI)","MDSTANEVEDVK","MDSTANEVEDVK y7",700381,118142.307142315
"299","WB","Protein disulfide-isomerase (PDI)","MDSTANEVEDVK","MDSTANEVEDVK y5",280214.916666667,48044.4659983598
"300","WB","Protein disulfide-isomerase (PDI)","NNKPSDYQGGR","NNKPSDYQGGR y8",679582.916666667,171137.536394883
"301","WB","Protein disulfide-isomerase (PDI)","NNKPSDYQGGR","NNKPSDYQGGR y7",31502.6666666667,7920.2542499492
"302","WB","Protein disulfide-isomerase (PDI)","NNKPSDYQGGR","NNKPSDYQGGR y5",72602,18130.0065110553
"303","WB","Puromycin-sensitive aminopeptidase","LNSGSVGVYR","LNSGSVGVYR y7",410674.5,65157.1846408802
"304","WB","Puromycin-sensitive aminopeptidase","LNSGSVGVYR","LNSGSVGVYR y5",282227.5,44691.5251362893
"305","WB","Puromycin-sensitive aminopeptidase","LNSGSVGVYR","LNSGSVGVYR y4",396877,64412.3922260917
"306","WB","Puromycin-sensitive aminopeptidase","SIQQSVENIR","SIQQSVENIR y7",856254.916666667,117504.006667694
"307","WB","Puromycin-sensitive aminopeptidase","SIQQSVENIR","SIQQSVENIR y6",840913.333333333,118114.988092006
"308","WB","Puromycin-sensitive aminopeptidase","SIQQSVENIR","SIQQSVENIR y4",425163.5,59271.1667493205
"309","WB","Puromycin-sensitive aminopeptidase","SLTENFVTEEQAK","SLTENFVTEEQAK y7",371326.666666667,48456.4720042221
"310","WB","Puromycin-sensitive aminopeptidase","SLTENFVTEEQAK","SLTENFVTEEQAK y6",381130.25,48765.770874215
"311","WB","Puromycin-sensitive aminopeptidase","SLTENFVTEEQAK","SLTENFVTEEQAK y4",76018.25,9142.33459850299
"312","WB","Ras-related protein Rab-11B","AQLWDTAGQER","AQLWDTAGQER y8",603053.75,68612.0927854255
"313","WB","Ras-related protein Rab-11B","AQLWDTAGQER","AQLWDTAGQER y7",335028.5,39125.6352953553
"314","WB","Ras-related protein Rab-11B","AQLWDTAGQER","AQLWDTAGQER y6",149454.75,18480.1570836188
"315","WB","Ras-related protein Rab-11B","STIGVEFATR","STIGVEFATR y7",1751326.5,282670.138204905
"316","WB","Ras-related protein Rab-11B","STIGVEFATR","STIGVEFATR y5",819680.583333333,131003.043559512
"317","WB","Ras-related protein Rab-11B","STIGVEFATR","STIGVEFATR y4",247037.75,38930.1895931611
"318","WB","Ras-related protein Rab-11B","VVLVGDSGVGK","VVLVGDSGVGK y7",344905.5,47211.3022822861
"319","WB","Ras-related protein Rab-11B","VVLVGDSGVGK","VVLVGDSGVGK y5",79709.6666666667,10449.6632774033
"320","WB","Sodium/potassium-transporting ATPase subunit alpha-4 ","LLDQVWPDLR","LLDQVWPDLR y6",135134.833333333,15746.1209936276
"321","WB","Sodium/potassium-transporting ATPase subunit alpha-4 ","LLDQVWPDLR","LLDQVWPDLR y5",345194.916666667,38558.3040119722
"322","WB","Sodium/potassium-transporting ATPase subunit alpha-4 ","LLDQVWPDLR","LLDQVWPDLR y4",138996.416666667,15311.1805234638
"323","WB","Sodium/potassium-transporting ATPase subunit alpha-4 ","MVTGDNVNTAR","MVTGDNVNTAR y8",111325.833333333,21950.8853858961
"324","WB","Sodium/potassium-transporting ATPase subunit alpha-4 ","MVTGDNVNTAR","MVTGDNVNTAR y6",67966.25,14029.6369383925
"325","WB","Sodium/potassium-transporting ATPase subunit alpha-4 ","MVTGDNVNTAR","MVTGDNVNTAR y4",65363,13014.8716882114
"326","WB","Sodium/potassium-transporting ATPase subunit alpha-4 ","TVIEPMAGDGLR","TVIEPMAGDGLR y9",119416,18558.0990213944
"327","WB","Sodium/potassium-transporting ATPase subunit alpha-4 ","TVIEPMAGDGLR","TVIEPMAGDGLR y8",486679.333333333,77797.8520112584
"328","WB","Sodium/potassium-transporting ATPase subunit alpha-4 ","TVIEPMAGDGLR","TVIEPMAGDGLR y6",34521.5,5722.51788921837
"329","WB","Superoxide dismutase","ISLTGPHSIIGR","ISLTGPHSIIGR y9",440830.75,72494.3508857785
"330","WB","Superoxide dismutase","ISLTGPHSIIGR","ISLTGPHSIIGR y8",529915.333333333,94017.86670244
"331","WB","Superoxide dismutase","ISLTGPHSIIGR","ISLTGPHSIIGR y7",250112.666666667,43337.5314009611
"332","WB","Superoxide dismutase","THGAPTDEER","THGAPTDEER y7",46817.75,12834.3175215637
"333","WB","Superoxide dismutase","THGAPTDEER","THGAPTDEER y6",156089.75,42789.2170300807
"334","WB","Superoxide dismutase","THGAPTDEER","THGAPTDEER y3",35863.9166666667,9392.99087283957
"335","WB","Superoxide dismutase","TIVVHADVDDLGK","TIVVHADVDDLGK y9",367350.833333333,68117.1881197834
"336","WB","Superoxide dismutase","TIVVHADVDDLGK","TIVVHADVDDLGK y8",245858.166666667,47564.5611689464
"337","WB","Trifunctional enzyme subunit beta, mitochondrial ","AAQDNGLLTDVLAYK","AAQDNGLLTDVLAYK y8",121818.416666667,16695.1311803219
"338","WB","Trifunctional enzyme subunit beta, mitochondrial ","AAQDNGLLTDVLAYK","AAQDNGLLTDVLAYK y7",72163.1666666667,9106.44884203641
"339","WB","Trifunctional enzyme subunit beta, mitochondrial ","AAQDNGLLTDVLAYK","AAQDNGLLTDVLAYK y3",50882.75,6571.74071207488
"340","WB","Trifunctional enzyme subunit beta, mitochondrial ","ALELGLKPK","ALELGLKPK y6",143362.083333333,22289.3938918839
"341","WB","Trifunctional enzyme subunit beta, mitochondrial ","ALELGLKPK","ALELGLKPK y5",137328.75,20874.2737297449
"342","WB","Trifunctional enzyme subunit beta, mitochondrial ","ALELGLKPK","ALELGLKPK y3",27356.25,4084.85629939933
"343","WB","Trifunctional enzyme subunit beta, mitochondrial ","FNLWGGSLSLGHPFGATGVR","FNLWGGSLSLGHPFGATGVR y12",27476.0833333333,4309.44871229652
"344","WB","Trifunctional enzyme subunit beta, mitochondrial ","FNLWGGSLSLGHPFGATGVR","FNLWGGSLSLGHPFGATGVR y10",77429.9166666667,12147.7617382532
"345","WB","Trifunctional enzyme subunit beta, mitochondrial ","FNLWGGSLSLGHPFGATGVR","FNLWGGSLSLGHPFGATGVR y8",220318.666666667,33380.4887567785
"346","FB","Arachidonate 5-lipoxygenase","APGLPAQIK","APGLPAQIK y6",564433.25,85090.8299328932
"347","FB","Arachidonate 5-lipoxygenase","APGLPAQIK","APGLPAQIK y5",9914100.75,1502720.62630399
"348","FB","Arachidonate 5-lipoxygenase","APGLPAQIK","APGLPAQIK y4",185522.583333333,31856.8378070949
"349","FB","Arachidonate 5-lipoxygenase","GLGLGGVPGQNGK","GLGLGGVPGQNGK y9",1613219.08333333,172047.767382565
"350","FB","Arachidonate 5-lipoxygenase","GLGLGGVPGQNGK","GLGLGGVPGQNGK y8",366156.5,38788.9873258526
"351","FB","Arachidonate 5-lipoxygenase","GLGLGGVPGQNGK","GLGLGGVPGQNGK y6",2173803.41666667,242954.491700153
"352","FB","Arachidonate 5-lipoxygenase","MDVEGTLPEDLK","MDVEGTLPEDLK y9",990972.833333333,124466.260496499
"353","FB","Arachidonate 5-lipoxygenase","MDVEGTLPEDLK","MDVEGTLPEDLK y8",1611626.16666667,216533.469089788
"354","FB","Arachidonate 5-lipoxygenase","MDVEGTLPEDLK","MDVEGTLPEDLK y5",1352507.33333333,180601.27491359
"355","FB","Catalase","AGELGGSDPDYAMR","AGELGGSDPDYAMR y10",712646.333333333,113602.402282827
"356","FB","Catalase","AGELGGSDPDYAMR","AGELGGSDPDYAMR y6",1101597.41666667,181655.122712237
"357","FB","Catalase","AGELGGSDPDYAMR","AGELGGSDPDYAMR y4",196154.333333333,31624.3756999904
"358","FB","Catalase","LTANIAGHLIGAQEFIQK","LTANIAGHLIGAQEFIQK y9",128364.5,14467.451604613
"359","FB","Catalase","LTANIAGHLIGAQEFIQK","LTANIAGHLIGAQEFIQK y8",164679.166666667,17207.0941984709
"360","FB","Catalase","LTANIAGHLIGAQEFIQK","LTANIAGHLIGAQEFIQK y3",102992.583333333,11342.7369802845
"361","FB","Catalase","LYSYSDTHR","LYSYSDTHR y6",58502,17743.2063879177
"362","FB","Catalase","LYSYSDTHR","LYSYSDTHR y5",68489.8333333333,20841.0611893319
"363","FB","Catalase","LYSYSDTHR","LYSYSDTHR y3",35367.8333333333,10860.1313561684
"364","FB","Cytochrome P450","IITRPFNVNGLLAYDSR","IITRPFNVNGLLAYDSR y6",313797.333333333,40831.5614986023
"365","FB","Cytochrome P450","IITRPFNVNGLLAYDSR","IITRPFNVNGLLAYDSR y5",300335.416666667,36388.442877962
"366","FB","Cytochrome P450","IITRPFNVNGLLAYDSR","IITRPFNVNGLLAYDSR y4",70348.9166666667,7665.70405201016
"367","FB","Cytochrome P450","QSLLPFGATGPR","QSLLPFGATGPR y8",1854390.41666667,258696.784320788
"368","FB","Cytochrome P450","QSLLPFGATGPR","QSLLPFGATGPR y7",87482.5,12133.1537092307
"369","FB","Cytochrome P450","QSLLPFGATGPR","QSLLPFGATGPR y6",83763.0833333333,11666.2622233739
"370","FB","Cytochrome P450","WLDESGVFLPEEHPSR","WLDESGVFLPEEHPSR y9",107841.083333333,13666.0312057318
"371","FB","Cytochrome P450","WLDESGVFLPEEHPSR","WLDESGVFLPEEHPSR y7",537937.25,72324.782316249
"372","FB","Cytochrome P450","WLDESGVFLPEEHPSR","WLDESGVFLPEEHPSR y4",159068.583333333,23425.8419351489
"373","FB","Glycogen phosphorylase, muscle form","APNSFNLR","APNSFNLR y5",1282191,151620.099848572
"374","FB","Glycogen phosphorylase, muscle form","APNSFNLR","APNSFNLR y4",590709.5,67166.0853066238
"375","FB","Glycogen phosphorylase, muscle form","APNSFNLR","APNSFNLR y3",308585.416666667,40404.511089927
"376","FB","Glycogen phosphorylase, muscle form","TSFDAFPDK","TSFDAFPDK y6",785441.916666667,76577.254331567
"377","FB","Glycogen phosphorylase, muscle form","TSFDAFPDK","TSFDAFPDK y5",465935.166666667,50356.8487268062
"378","FB","Glycogen phosphorylase, muscle form","TSFDAFPDK","TSFDAFPDK y3",757122.5,78182.1881411481
"379","FB","Glycogen phosphorylase, muscle form","VLYPNDNFFEGK","VLYPNDNFFEGK y9",1322929.83333333,136458.092023613
"380","FB","Glycogen phosphorylase, muscle form","VLYPNDNFFEGK","VLYPNDNFFEGK y8",141349.666666667,17003.008938854
"381","FB","Glycogen phosphorylase, muscle form","VLYPNDNFFEGK","VLYPNDNFFEGK y4",82232.3333333333,10375.602474901
"382","FB","Heat shock 70 kDa protein","IINEPTAAALAYGLDK","IINEPTAAALAYGLDK y12",9356463.41666667,838296.651442082
"383","FB","Heat shock 70 kDa protein","IINEPTAAALAYGLDK","IINEPTAAALAYGLDK y9",1971639.25,195222.175082303
"384","FB","Heat shock 70 kDa protein","IINEPTAAALAYGLDK","IINEPTAAALAYGLDK y6",2253586.41666667,236703.911191984
"385","FB","Heat shock 70 kDa protein","NAVVTVPAYFNDAQR","NAVVTVPAYFNDAQR y12",263929.5,26096.4579430666
"386","FB","Heat shock 70 kDa protein","NAVVTVPAYFNDAQR","NAVVTVPAYFNDAQR y11",536951.5,50737.0588002945
"387","FB","Heat shock 70 kDa protein","NAVVTVPAYFNDAQR","NAVVTVPAYFNDAQR y9",4591921.75,439897.723795235
"388","FB","Heat shock 70 kDa protein","TTPSYVAFNDTER","TTPSYVAFNDTER y8",135884.75,15071.1514134168
"389","FB","Heat shock 70 kDa protein","TTPSYVAFNDTER","TTPSYVAFNDTER y7",222529.666666667,25481.9184554797
"390","FB","Heat shock 70 kDa protein","TTPSYVAFNDTER","TTPSYVAFNDTER y6",85267.9166666667,9971.43272847286
"391","FB","Heat shock protein HSP 90-alpha","DSSTMGYMAAK","DSSTMGYMAAK y8",1276627,178952.940786372
"392","FB","Heat shock protein HSP 90-alpha","DSSTMGYMAAK","DSSTMGYMAAK y7",2050845.66666667,300229.093051465
"393","FB","Heat shock protein HSP 90-alpha","DSSTMGYMAAK","DSSTMGYMAAK y6",2204705.5,327659.607118274
"394","FB","Heat shock protein HSP 90-alpha","EVVQSSAFVER","EVVQSSAFVER y8",5069941.66666667,557501.514490419
"395","FB","Heat shock protein HSP 90-alpha","EVVQSSAFVER","EVVQSSAFVER y7",8893850,1026388.45608002
"396","FB","Heat shock protein HSP 90-alpha","EVVQSSAFVER","EVVQSSAFVER y6",2277906.91666667,277621.151481422
"397","FB","Heat shock protein HSP 90-alpha","GVVDSEDLPLNISR","GVVDSEDLPLNISR y11",1635537.25,164228.212514842
"398","FB","Heat shock protein HSP 90-alpha","GVVDSEDLPLNISR","GVVDSEDLPLNISR y7",3442450.33333333,383770.132040699
"399","FB","Heat shock protein HSP 90-alpha","GVVDSEDLPLNISR","GVVDSEDLPLNISR y6",11041232.9166667,1216331.38417844
"400","FB","Peroxiredoxin-1","ALFIIDDK","ALFIIDDK y5",1686165.5,174396.199172272
"401","FB","Peroxiredoxin-1","ALFIIDDK","ALFIIDDK y4",1816940.41666667,211003.892080485
"402","FB","Peroxiredoxin-1","ALFIIDDK","ALFIIDDK y3",462019.833333333,56887.2523937179
"403","FB","Peroxiredoxin-1","LVQAFQFTDK","LVQAFQFTDK y7",1193375.41666667,88852.2299081934
"404","FB","Peroxiredoxin-1","LVQAFQFTDK","LVQAFQFTDK y6",651718.333333333,52201.3680121353
"405","FB","Peroxiredoxin-1","LVQAFQFTDK","LVQAFQFTDK y4",354442.666666667,29679.5060772564
"406","FB","Peroxiredoxin-1","QITMNDLPVGR","QITMNDLPVGR y7",1140084.33333333,157452.482726768
"407","FB","Peroxiredoxin-1","QITMNDLPVGR","QITMNDLPVGR y5",1553067.33333333,228395.017468285
"408","FB","Peroxiredoxin-1","QITMNDLPVGR","QITMNDLPVGR y4",1804525.41666667,256740.886053207
"409","FB","Protein disulfide-isomerase (PDI)","DNVVVIGFFK","DNVVVIGFFK y7",6564193.83333333,702251.640857268
"410","FB","Protein disulfide-isomerase (PDI)","DNVVVIGFFK","DNVVVIGFFK y6",4825977.08333333,536288.302635069
"411","FB","Protein disulfide-isomerase (PDI)","DNVVVIGFFK","DNVVVIGFFK y5",1300132.25,148743.610828261
"412","FB","Protein disulfide-isomerase (PDI)","MDSTANEVEDVK","MDSTANEVEDVK y8",1174223.58333333,216662.940156163
"413","FB","Protein disulfide-isomerase (PDI)","MDSTANEVEDVK","MDSTANEVEDVK y7",1100434.91666667,216654.848834551
"414","FB","Protein disulfide-isomerase (PDI)","MDSTANEVEDVK","MDSTANEVEDVK y5",445300.75,84720.1707234528
"415","FB","Protein disulfide-isomerase (PDI)","NNKPSDYQGGR","NNKPSDYQGGR y8",786227.75,244951.180336654
"416","FB","Protein disulfide-isomerase (PDI)","NNKPSDYQGGR","NNKPSDYQGGR y7",32155.75,10037.2469515067
"417","FB","Protein disulfide-isomerase (PDI)","NNKPSDYQGGR","NNKPSDYQGGR y5",83229.9166666667,25757.4284590897
"418","FB","Puromycin-sensitive aminopeptidase","LNSGSVGVYR","LNSGSVGVYR y7",616815.5,110395.570978592
"419","FB","Puromycin-sensitive aminopeptidase","LNSGSVGVYR","LNSGSVGVYR y5",429891.333333333,75779.9851416299
"420","FB","Puromycin-sensitive aminopeptidase","LNSGSVGVYR","LNSGSVGVYR y4",599056.416666667,110162.511480282
"421","FB","Puromycin-sensitive aminopeptidase","SIQQSVENIR","SIQQSVENIR y7",1328580.33333333,191340.779395248
"422","FB","Puromycin-sensitive aminopeptidase","SIQQSVENIR","SIQQSVENIR y6",1362488.66666667,208355.172236828
"423","FB","Puromycin-sensitive aminopeptidase","SIQQSVENIR","SIQQSVENIR y4",688169,100689.855574763
"424","FB","Puromycin-sensitive aminopeptidase","SLTENFVTEEQAK","SLTENFVTEEQAK y7",556791.75,58170.6252304276
"425","FB","Puromycin-sensitive aminopeptidase","SLTENFVTEEQAK","SLTENFVTEEQAK y6",581302.25,64043.250142541
"426","FB","Puromycin-sensitive aminopeptidase","SLTENFVTEEQAK","SLTENFVTEEQAK y4",110439,11610.9569771075
"427","FB","Ras-related protein Rab-11B","AQLWDTAGQER","AQLWDTAGQER y8",688421.5,62662.6893049749
"428","FB","Ras-related protein Rab-11B","AQLWDTAGQER","AQLWDTAGQER y7",383805.916666667,37033.7521995361
"429","FB","Ras-related protein Rab-11B","AQLWDTAGQER","AQLWDTAGQER y6",178223.416666667,16933.9851211315
"430","FB","Ras-related protein Rab-11B","STIGVEFATR","STIGVEFATR y7",2131992.33333333,265648.664433169
"431","FB","Ras-related protein Rab-11B","STIGVEFATR","STIGVEFATR y5",996759.25,123003.077417533
"432","FB","Ras-related protein Rab-11B","STIGVEFATR","STIGVEFATR y4",297419.416666667,38073.8249012757
"433","FB","Ras-related protein Rab-11B","VVLVGDSGVGK","VVLVGDSGVGK y7",473550.5,62575.2699564995
"434","FB","Ras-related protein Rab-11B","VVLVGDSGVGK","VVLVGDSGVGK y5",112829.083333333,14221.7200028786
"435","FB","Sodium/potassium-transporting ATPase subunit alpha-4 ","LLDQVWPDLR","LLDQVWPDLR y6",154016.166666667,15440.5401709332
"436","FB","Sodium/potassium-transporting ATPase subunit alpha-4 ","LLDQVWPDLR","LLDQVWPDLR y5",395758.5,39271.7103821683
"437","FB","Sodium/potassium-transporting ATPase subunit alpha-4 ","LLDQVWPDLR","LLDQVWPDLR y4",157016.25,14964.1054218971
"438","FB","Sodium/potassium-transporting ATPase subunit alpha-4 ","MVTGDNVNTAR","MVTGDNVNTAR y8",94212.9166666667,25490.1876505743
"439","FB","Sodium/potassium-transporting ATPase subunit alpha-4 ","MVTGDNVNTAR","MVTGDNVNTAR y6",54524.9166666667,15921.9690843217
"440","FB","Sodium/potassium-transporting ATPase subunit alpha-4 ","MVTGDNVNTAR","MVTGDNVNTAR y4",52663.9166666667,15316.3828190098
"441","FB","Sodium/potassium-transporting ATPase subunit alpha-4 ","TVIEPMAGDGLR","TVIEPMAGDGLR y9",139493.166666667,18737.5579724307
"442","FB","Sodium/potassium-transporting ATPase subunit alpha-4 ","TVIEPMAGDGLR","TVIEPMAGDGLR y8",605115.833333333,85542.1189731802
"443","FB","Sodium/potassium-transporting ATPase subunit alpha-4 ","TVIEPMAGDGLR","TVIEPMAGDGLR y6",41470.75,5643.5711267335
"444","FB","Superoxide dismutase","ISLTGPHSIIGR","ISLTGPHSIIGR y9",351598.833333333,55502.8971820709
"445","FB","Superoxide dismutase","ISLTGPHSIIGR","ISLTGPHSIIGR y8",433540.833333333,70355.927308916
"446","FB","Superoxide dismutase","ISLTGPHSIIGR","ISLTGPHSIIGR y7",202928.25,30800.0739277756
"447","FB","Superoxide dismutase","THGAPTDEER","THGAPTDEER y7",13362.6666666667,3921.6083615545
"448","FB","Superoxide dismutase","THGAPTDEER","THGAPTDEER y6",42080.3333333333,12460.2815592327
"449","FB","Superoxide dismutase","THGAPTDEER","THGAPTDEER y3",10623.1666666667,3280.83166385684
"450","FB","Superoxide dismutase","TIVVHADVDDLGK","TIVVHADVDDLGK y9",307519.083333333,49856.070194149
"451","FB","Superoxide dismutase","TIVVHADVDDLGK","TIVVHADVDDLGK y8",198785.833333333,32803.2509188641
"452","FB","Trifunctional enzyme subunit beta, mitochondrial ","AAQDNGLLTDVLAYK","AAQDNGLLTDVLAYK y8",203605.25,24170.9672714028
"453","FB","Trifunctional enzyme subunit beta, mitochondrial ","AAQDNGLLTDVLAYK","AAQDNGLLTDVLAYK y7",123114.75,14183.0270693664
"454","FB","Trifunctional enzyme subunit beta, mitochondrial ","AAQDNGLLTDVLAYK","AAQDNGLLTDVLAYK y3",88931.9166666667,10383.2867982261
"455","FB","Trifunctional enzyme subunit beta, mitochondrial ","ALELGLKPK","ALELGLKPK y6",230165.666666667,33086.7297193331
"456","FB","Trifunctional enzyme subunit beta, mitochondrial ","ALELGLKPK","ALELGLKPK y5",233001.25,32999.8474560581
"457","FB","Trifunctional enzyme subunit beta, mitochondrial ","ALELGLKPK","ALELGLKPK y3",44852.9166666667,6164.9406525423
"458","FB","Trifunctional enzyme subunit beta, mitochondrial ","FNLWGGSLSLGHPFGATGVR","FNLWGGSLSLGHPFGATGVR y12",50182.4166666667,7171.76220204644
"459","FB","Trifunctional enzyme subunit beta, mitochondrial ","FNLWGGSLSLGHPFGATGVR","FNLWGGSLSLGHPFGATGVR y10",147258.5,19483.4314718087
"460","FB","Trifunctional enzyme subunit beta, mitochondrial ","FNLWGGSLSLGHPFGATGVR","FNLWGGSLSLGHPFGATGVR y8",410311.666666667,56823.858355439
