Peptide Sequence,Protein Name,Replicate Name,Predicted Retention Time,Peptide Retention Time,Peptide Peak Found Ratio
GVVDSEDLPLNISR,Heat shock protein HSP 90-alpha cds.comp132209_c0_seq1|m.20047,01,#N/A,68.42,1
GVVDSEDLPLNISR,Heat shock protein HSP 90-alpha cds.comp132209_c0_seq1|m.20047,03,#N/A,67.95,1
GVVDSEDLPLNISR,Heat shock protein HSP 90-alpha cds.comp132209_c0_seq1|m.20047,04,#N/A,67.88,1
GVVDSEDLPLNISR,Heat shock protein HSP 90-alpha cds.comp132209_c0_seq1|m.20047,05,#N/A,67.7,1
GVVDSEDLPLNISR,Heat shock protein HSP 90-alpha cds.comp132209_c0_seq1|m.20047,06,#N/A,67.8,1
GVVDSEDLPLNISR,Heat shock protein HSP 90-alpha cds.comp132209_c0_seq1|m.20047,07_170124190430,#N/A,67.59,1
GVVDSEDLPLNISR,Heat shock protein HSP 90-alpha cds.comp132209_c0_seq1|m.20047,08,#N/A,67.6,1
GVVDSEDLPLNISR,Heat shock protein HSP 90-alpha cds.comp132209_c0_seq1|m.20047,09,#N/A,67.5,1
GVVDSEDLPLNISR,Heat shock protein HSP 90-alpha cds.comp132209_c0_seq1|m.20047,10,#N/A,67.61,1
GVVDSEDLPLNISR,Heat shock protein HSP 90-alpha cds.comp132209_c0_seq1|m.20047,11,#N/A,67.5,1
GVVDSEDLPLNISR,Heat shock protein HSP 90-alpha cds.comp132209_c0_seq1|m.20047,12,#N/A,67.59,1
GVVDSEDLPLNISR,Heat shock protein HSP 90-alpha cds.comp132209_c0_seq1|m.20047,13,#N/A,67.45,1
GVVDSEDLPLNISR,Heat shock protein HSP 90-alpha cds.comp132209_c0_seq1|m.20047,14,#N/A,67.53,1
GVVDSEDLPLNISR,Heat shock protein HSP 90-alpha cds.comp132209_c0_seq1|m.20047,15,#N/A,67.54,1
GVVDSEDLPLNISR,Heat shock protein HSP 90-alpha cds.comp132209_c0_seq1|m.20047,17,#N/A,67.47,1
GVVDSEDLPLNISR,Heat shock protein HSP 90-alpha cds.comp132209_c0_seq1|m.20047,18,#N/A,67.54,1
GVVDSEDLPLNISR,Heat shock protein HSP 90-alpha cds.comp132209_c0_seq1|m.20047,19,#N/A,67.58,1
GVVDSEDLPLNISR,Heat shock protein HSP 90-alpha cds.comp132209_c0_seq1|m.20047,20,#N/A,67.49,1
EVVQSSAFVER,Heat shock protein HSP 90-alpha cds.comp132209_c0_seq1|m.20047,01,#N/A,46.26,1
EVVQSSAFVER,Heat shock protein HSP 90-alpha cds.comp132209_c0_seq1|m.20047,03,#N/A,45.72,1
EVVQSSAFVER,Heat shock protein HSP 90-alpha cds.comp132209_c0_seq1|m.20047,04,#N/A,45.67,1
EVVQSSAFVER,Heat shock protein HSP 90-alpha cds.comp132209_c0_seq1|m.20047,05,#N/A,45.59,1
EVVQSSAFVER,Heat shock protein HSP 90-alpha cds.comp132209_c0_seq1|m.20047,06,#N/A,45.65,1
EVVQSSAFVER,Heat shock protein HSP 90-alpha cds.comp132209_c0_seq1|m.20047,07_170124190430,#N/A,45.35,1
EVVQSSAFVER,Heat shock protein HSP 90-alpha cds.comp132209_c0_seq1|m.20047,08,#N/A,45.45,1
EVVQSSAFVER,Heat shock protein HSP 90-alpha cds.comp132209_c0_seq1|m.20047,09,#N/A,45.2,1
EVVQSSAFVER,Heat shock protein HSP 90-alpha cds.comp132209_c0_seq1|m.20047,10,#N/A,45.5,1
EVVQSSAFVER,Heat shock protein HSP 90-alpha cds.comp132209_c0_seq1|m.20047,11,#N/A,45.2,1
EVVQSSAFVER,Heat shock protein HSP 90-alpha cds.comp132209_c0_seq1|m.20047,12,#N/A,45.33,1
EVVQSSAFVER,Heat shock protein HSP 90-alpha cds.comp132209_c0_seq1|m.20047,13,#N/A,45.3,1
EVVQSSAFVER,Heat shock protein HSP 90-alpha cds.comp132209_c0_seq1|m.20047,14,#N/A,45.32,1
EVVQSSAFVER,Heat shock protein HSP 90-alpha cds.comp132209_c0_seq1|m.20047,15,#N/A,45.34,1
EVVQSSAFVER,Heat shock protein HSP 90-alpha cds.comp132209_c0_seq1|m.20047,17,#N/A,45.31,1
EVVQSSAFVER,Heat shock protein HSP 90-alpha cds.comp132209_c0_seq1|m.20047,18,#N/A,45.33,1
EVVQSSAFVER,Heat shock protein HSP 90-alpha cds.comp132209_c0_seq1|m.20047,19,#N/A,45.39,1
EVVQSSAFVER,Heat shock protein HSP 90-alpha cds.comp132209_c0_seq1|m.20047,20,#N/A,45.24,1
DSSTMGYMAAK,Heat shock protein HSP 90-alpha cds.comp132209_c0_seq1|m.20047,01,#N/A,42.23,1
DSSTMGYMAAK,Heat shock protein HSP 90-alpha cds.comp132209_c0_seq1|m.20047,03,#N/A,41.72,1
DSSTMGYMAAK,Heat shock protein HSP 90-alpha cds.comp132209_c0_seq1|m.20047,04,#N/A,41.77,1
DSSTMGYMAAK,Heat shock protein HSP 90-alpha cds.comp132209_c0_seq1|m.20047,05,#N/A,41.68,1
DSSTMGYMAAK,Heat shock protein HSP 90-alpha cds.comp132209_c0_seq1|m.20047,06,#N/A,41.69,1
DSSTMGYMAAK,Heat shock protein HSP 90-alpha cds.comp132209_c0_seq1|m.20047,07_170124190430,#N/A,41.46,1
DSSTMGYMAAK,Heat shock protein HSP 90-alpha cds.comp132209_c0_seq1|m.20047,08,#N/A,41.54,1
DSSTMGYMAAK,Heat shock protein HSP 90-alpha cds.comp132209_c0_seq1|m.20047,09,#N/A,41.31,1
DSSTMGYMAAK,Heat shock protein HSP 90-alpha cds.comp132209_c0_seq1|m.20047,10,#N/A,41.61,1
DSSTMGYMAAK,Heat shock protein HSP 90-alpha cds.comp132209_c0_seq1|m.20047,11,#N/A,41.33,1
DSSTMGYMAAK,Heat shock protein HSP 90-alpha cds.comp132209_c0_seq1|m.20047,12,#N/A,41.44,1
DSSTMGYMAAK,Heat shock protein HSP 90-alpha cds.comp132209_c0_seq1|m.20047,13,#N/A,41.41,1
DSSTMGYMAAK,Heat shock protein HSP 90-alpha cds.comp132209_c0_seq1|m.20047,14,#N/A,41.38,1
DSSTMGYMAAK,Heat shock protein HSP 90-alpha cds.comp132209_c0_seq1|m.20047,15,#N/A,41.53,1
DSSTMGYMAAK,Heat shock protein HSP 90-alpha cds.comp132209_c0_seq1|m.20047,17,#N/A,41.51,1
DSSTMGYMAAK,Heat shock protein HSP 90-alpha cds.comp132209_c0_seq1|m.20047,18,#N/A,41.39,1
DSSTMGYMAAK,Heat shock protein HSP 90-alpha cds.comp132209_c0_seq1|m.20047,19,#N/A,41.52,1
DSSTMGYMAAK,Heat shock protein HSP 90-alpha cds.comp132209_c0_seq1|m.20047,20,#N/A,41.38,1
TTPSYVAFNDTER,Heat shock 70 kDa protein cds.comp140244_c0_seq4|m.34346,01,#N/A,53.78,1
TTPSYVAFNDTER,Heat shock 70 kDa protein cds.comp140244_c0_seq4|m.34346,03,#N/A,53.18,1
TTPSYVAFNDTER,Heat shock 70 kDa protein cds.comp140244_c0_seq4|m.34346,04,#N/A,53.19,1
TTPSYVAFNDTER,Heat shock 70 kDa protein cds.comp140244_c0_seq4|m.34346,05,#N/A,53.1,1
TTPSYVAFNDTER,Heat shock 70 kDa protein cds.comp140244_c0_seq4|m.34346,06,#N/A,53.06,1
TTPSYVAFNDTER,Heat shock 70 kDa protein cds.comp140244_c0_seq4|m.34346,07_170124190430,#N/A,52.83,1
TTPSYVAFNDTER,Heat shock 70 kDa protein cds.comp140244_c0_seq4|m.34346,08,#N/A,52.94,1
TTPSYVAFNDTER,Heat shock 70 kDa protein cds.comp140244_c0_seq4|m.34346,09,#N/A,52.7,1
TTPSYVAFNDTER,Heat shock 70 kDa protein cds.comp140244_c0_seq4|m.34346,10,#N/A,52.94,1
TTPSYVAFNDTER,Heat shock 70 kDa protein cds.comp140244_c0_seq4|m.34346,11,#N/A,52.68,1
TTPSYVAFNDTER,Heat shock 70 kDa protein cds.comp140244_c0_seq4|m.34346,12,#N/A,52.88,1
TTPSYVAFNDTER,Heat shock 70 kDa protein cds.comp140244_c0_seq4|m.34346,13,#N/A,52.71,1
TTPSYVAFNDTER,Heat shock 70 kDa protein cds.comp140244_c0_seq4|m.34346,14,#N/A,52.82,1
TTPSYVAFNDTER,Heat shock 70 kDa protein cds.comp140244_c0_seq4|m.34346,15,#N/A,52.84,1
TTPSYVAFNDTER,Heat shock 70 kDa protein cds.comp140244_c0_seq4|m.34346,17,#N/A,52.77,1
TTPSYVAFNDTER,Heat shock 70 kDa protein cds.comp140244_c0_seq4|m.34346,18,#N/A,52.84,1
TTPSYVAFNDTER,Heat shock 70 kDa protein cds.comp140244_c0_seq4|m.34346,19,#N/A,52.92,1
TTPSYVAFNDTER,Heat shock 70 kDa protein cds.comp140244_c0_seq4|m.34346,20,#N/A,52.77,1
NAVVTVPAYFNDAQR,Heat shock 70 kDa protein cds.comp140244_c0_seq4|m.34346,01,#N/A,67.71,1
NAVVTVPAYFNDAQR,Heat shock 70 kDa protein cds.comp140244_c0_seq4|m.34346,03,#N/A,67.22,1
NAVVTVPAYFNDAQR,Heat shock 70 kDa protein cds.comp140244_c0_seq4|m.34346,04,#N/A,67.13,1
NAVVTVPAYFNDAQR,Heat shock 70 kDa protein cds.comp140244_c0_seq4|m.34346,05,#N/A,67.01,1
NAVVTVPAYFNDAQR,Heat shock 70 kDa protein cds.comp140244_c0_seq4|m.34346,06,#N/A,67.03,1
NAVVTVPAYFNDAQR,Heat shock 70 kDa protein cds.comp140244_c0_seq4|m.34346,07_170124190430,#N/A,66.87,1
NAVVTVPAYFNDAQR,Heat shock 70 kDa protein cds.comp140244_c0_seq4|m.34346,08,#N/A,66.86,1
NAVVTVPAYFNDAQR,Heat shock 70 kDa protein cds.comp140244_c0_seq4|m.34346,09,#N/A,66.65,1
NAVVTVPAYFNDAQR,Heat shock 70 kDa protein cds.comp140244_c0_seq4|m.34346,10,#N/A,66.82,1
NAVVTVPAYFNDAQR,Heat shock 70 kDa protein cds.comp140244_c0_seq4|m.34346,11,#N/A,66.73,1
NAVVTVPAYFNDAQR,Heat shock 70 kDa protein cds.comp140244_c0_seq4|m.34346,12,#N/A,66.83,1
NAVVTVPAYFNDAQR,Heat shock 70 kDa protein cds.comp140244_c0_seq4|m.34346,13,#N/A,66.67,1
NAVVTVPAYFNDAQR,Heat shock 70 kDa protein cds.comp140244_c0_seq4|m.34346,14,#N/A,66.77,1
NAVVTVPAYFNDAQR,Heat shock 70 kDa protein cds.comp140244_c0_seq4|m.34346,15,#N/A,66.7,1
NAVVTVPAYFNDAQR,Heat shock 70 kDa protein cds.comp140244_c0_seq4|m.34346,17,#N/A,66.6,1
NAVVTVPAYFNDAQR,Heat shock 70 kDa protein cds.comp140244_c0_seq4|m.34346,18,#N/A,66.72,1
NAVVTVPAYFNDAQR,Heat shock 70 kDa protein cds.comp140244_c0_seq4|m.34346,19,#N/A,66.76,1
NAVVTVPAYFNDAQR,Heat shock 70 kDa protein cds.comp140244_c0_seq4|m.34346,20,#N/A,66.7,1
IINEPTAAALAYGLDK,Heat shock 70 kDa protein cds.comp140244_c0_seq4|m.34346,01,#N/A,74.23,1
IINEPTAAALAYGLDK,Heat shock 70 kDa protein cds.comp140244_c0_seq4|m.34346,03,#N/A,73.66,1
IINEPTAAALAYGLDK,Heat shock 70 kDa protein cds.comp140244_c0_seq4|m.34346,04,#N/A,73.59,1
IINEPTAAALAYGLDK,Heat shock 70 kDa protein cds.comp140244_c0_seq4|m.34346,05,#N/A,73.37,1
IINEPTAAALAYGLDK,Heat shock 70 kDa protein cds.comp140244_c0_seq4|m.34346,06,#N/A,73.51,1
IINEPTAAALAYGLDK,Heat shock 70 kDa protein cds.comp140244_c0_seq4|m.34346,07_170124190430,#N/A,73.33,1
IINEPTAAALAYGLDK,Heat shock 70 kDa protein cds.comp140244_c0_seq4|m.34346,08,#N/A,73.33,1
IINEPTAAALAYGLDK,Heat shock 70 kDa protein cds.comp140244_c0_seq4|m.34346,09,#N/A,73.23,1
IINEPTAAALAYGLDK,Heat shock 70 kDa protein cds.comp140244_c0_seq4|m.34346,10,#N/A,73.32,1
IINEPTAAALAYGLDK,Heat shock 70 kDa protein cds.comp140244_c0_seq4|m.34346,11,#N/A,73.27,1
IINEPTAAALAYGLDK,Heat shock 70 kDa protein cds.comp140244_c0_seq4|m.34346,12,#N/A,73.36,1
IINEPTAAALAYGLDK,Heat shock 70 kDa protein cds.comp140244_c0_seq4|m.34346,13,#N/A,73.15,1
IINEPTAAALAYGLDK,Heat shock 70 kDa protein cds.comp140244_c0_seq4|m.34346,14,#N/A,73.27,1
IINEPTAAALAYGLDK,Heat shock 70 kDa protein cds.comp140244_c0_seq4|m.34346,15,#N/A,73.29,1
IINEPTAAALAYGLDK,Heat shock 70 kDa protein cds.comp140244_c0_seq4|m.34346,17,#N/A,73.13,1
IINEPTAAALAYGLDK,Heat shock 70 kDa protein cds.comp140244_c0_seq4|m.34346,18,#N/A,73.21,1
IINEPTAAALAYGLDK,Heat shock 70 kDa protein cds.comp140244_c0_seq4|m.34346,19,#N/A,73.34,1
IINEPTAAALAYGLDK,Heat shock 70 kDa protein cds.comp140244_c0_seq4|m.34346,20,#N/A,73.24,1
THGAPTDEER,Superoxide dismutase cds.comp128522_c0_seq1|m.16281,01,#N/A,15.65,1
THGAPTDEER,Superoxide dismutase cds.comp128522_c0_seq1|m.16281,03,#N/A,15.6,1
THGAPTDEER,Superoxide dismutase cds.comp128522_c0_seq1|m.16281,04,#N/A,15.86,1
THGAPTDEER,Superoxide dismutase cds.comp128522_c0_seq1|m.16281,05,#N/A,15.37,1
THGAPTDEER,Superoxide dismutase cds.comp128522_c0_seq1|m.16281,06,#N/A,15.15,1
THGAPTDEER,Superoxide dismutase cds.comp128522_c0_seq1|m.16281,07_170124190430,#N/A,15.07,1
THGAPTDEER,Superoxide dismutase cds.comp128522_c0_seq1|m.16281,08,#N/A,14.93,1
THGAPTDEER,Superoxide dismutase cds.comp128522_c0_seq1|m.16281,09,#N/A,15.06,1
THGAPTDEER,Superoxide dismutase cds.comp128522_c0_seq1|m.16281,10,#N/A,15.32,1
THGAPTDEER,Superoxide dismutase cds.comp128522_c0_seq1|m.16281,11,#N/A,15.03,1
THGAPTDEER,Superoxide dismutase cds.comp128522_c0_seq1|m.16281,12,#N/A,15.13,1
THGAPTDEER,Superoxide dismutase cds.comp128522_c0_seq1|m.16281,13,#N/A,15.1,1
THGAPTDEER,Superoxide dismutase cds.comp128522_c0_seq1|m.16281,14,#N/A,15.22,1
THGAPTDEER,Superoxide dismutase cds.comp128522_c0_seq1|m.16281,15,#N/A,15.41,1
THGAPTDEER,Superoxide dismutase cds.comp128522_c0_seq1|m.16281,17,#N/A,15.12,1
THGAPTDEER,Superoxide dismutase cds.comp128522_c0_seq1|m.16281,18,#N/A,15.15,1
THGAPTDEER,Superoxide dismutase cds.comp128522_c0_seq1|m.16281,19,#N/A,15.27,1
THGAPTDEER,Superoxide dismutase cds.comp128522_c0_seq1|m.16281,20,#N/A,15.14,1
ISLTGPHSIIGR,Superoxide dismutase cds.comp128522_c0_seq1|m.16281,01,#N/A,56.76,1
ISLTGPHSIIGR,Superoxide dismutase cds.comp128522_c0_seq1|m.16281,03,#N/A,56,1
ISLTGPHSIIGR,Superoxide dismutase cds.comp128522_c0_seq1|m.16281,04,#N/A,55.99,1
ISLTGPHSIIGR,Superoxide dismutase cds.comp128522_c0_seq1|m.16281,05,#N/A,55.81,1
ISLTGPHSIIGR,Superoxide dismutase cds.comp128522_c0_seq1|m.16281,06,#N/A,55.77,1
ISLTGPHSIIGR,Superoxide dismutase cds.comp128522_c0_seq1|m.16281,07_170124190430,#N/A,55.48,1
ISLTGPHSIIGR,Superoxide dismutase cds.comp128522_c0_seq1|m.16281,08,#N/A,55.56,1
ISLTGPHSIIGR,Superoxide dismutase cds.comp128522_c0_seq1|m.16281,09,#N/A,55.33,1
ISLTGPHSIIGR,Superoxide dismutase cds.comp128522_c0_seq1|m.16281,10,#N/A,55.56,1
ISLTGPHSIIGR,Superoxide dismutase cds.comp128522_c0_seq1|m.16281,11,#N/A,55.33,1
ISLTGPHSIIGR,Superoxide dismutase cds.comp128522_c0_seq1|m.16281,12,#N/A,55.46,1
ISLTGPHSIIGR,Superoxide dismutase cds.comp128522_c0_seq1|m.16281,13,#N/A,55.29,1
ISLTGPHSIIGR,Superoxide dismutase cds.comp128522_c0_seq1|m.16281,14,#N/A,55.45,1
ISLTGPHSIIGR,Superoxide dismutase cds.comp128522_c0_seq1|m.16281,15,#N/A,55.35,1
ISLTGPHSIIGR,Superoxide dismutase cds.comp128522_c0_seq1|m.16281,17,#N/A,55.26,1
ISLTGPHSIIGR,Superoxide dismutase cds.comp128522_c0_seq1|m.16281,18,#N/A,55.5,1
ISLTGPHSIIGR,Superoxide dismutase cds.comp128522_c0_seq1|m.16281,19,#N/A,55.41,1
ISLTGPHSIIGR,Superoxide dismutase cds.comp128522_c0_seq1|m.16281,20,#N/A,55.25,1
TIVVHADVDDLGK,Superoxide dismutase cds.comp128522_c0_seq1|m.16281,01,#N/A,50.97,1
TIVVHADVDDLGK,Superoxide dismutase cds.comp128522_c0_seq1|m.16281,03,#N/A,50.33,1
TIVVHADVDDLGK,Superoxide dismutase cds.comp128522_c0_seq1|m.16281,04,#N/A,50.36,1
TIVVHADVDDLGK,Superoxide dismutase cds.comp128522_c0_seq1|m.16281,05,#N/A,50.17,1
TIVVHADVDDLGK,Superoxide dismutase cds.comp128522_c0_seq1|m.16281,06,#N/A,50.25,1
TIVVHADVDDLGK,Superoxide dismutase cds.comp128522_c0_seq1|m.16281,07_170124190430,#N/A,49.95,1
TIVVHADVDDLGK,Superoxide dismutase cds.comp128522_c0_seq1|m.16281,08,#N/A,49.97,1
TIVVHADVDDLGK,Superoxide dismutase cds.comp128522_c0_seq1|m.16281,09,#N/A,49.72,1
TIVVHADVDDLGK,Superoxide dismutase cds.comp128522_c0_seq1|m.16281,10,#N/A,49.96,1
TIVVHADVDDLGK,Superoxide dismutase cds.comp128522_c0_seq1|m.16281,11,#N/A,49.77,1
TIVVHADVDDLGK,Superoxide dismutase cds.comp128522_c0_seq1|m.16281,12,#N/A,49.93,1
TIVVHADVDDLGK,Superoxide dismutase cds.comp128522_c0_seq1|m.16281,13,#N/A,49.8,1
TIVVHADVDDLGK,Superoxide dismutase cds.comp128522_c0_seq1|m.16281,14,#N/A,49.94,1
TIVVHADVDDLGK,Superoxide dismutase cds.comp128522_c0_seq1|m.16281,15,#N/A,49.95,1
TIVVHADVDDLGK,Superoxide dismutase cds.comp128522_c0_seq1|m.16281,17,#N/A,49.81,1
TIVVHADVDDLGK,Superoxide dismutase cds.comp128522_c0_seq1|m.16281,18,#N/A,49.86,1
TIVVHADVDDLGK,Superoxide dismutase cds.comp128522_c0_seq1|m.16281,19,#N/A,49.94,1
TIVVHADVDDLGK,Superoxide dismutase cds.comp128522_c0_seq1|m.16281,20,#N/A,49.82,1
APNSFNLR,"Glycogen phosphorylase, muscle form cds.comp143236_c1_seq1|m.45178",01,#N/A,44.88,1
APNSFNLR,"Glycogen phosphorylase, muscle form cds.comp143236_c1_seq1|m.45178",03,#N/A,44.35,1
APNSFNLR,"Glycogen phosphorylase, muscle form cds.comp143236_c1_seq1|m.45178",04,#N/A,44.28,1
APNSFNLR,"Glycogen phosphorylase, muscle form cds.comp143236_c1_seq1|m.45178",05,#N/A,44.18,1
APNSFNLR,"Glycogen phosphorylase, muscle form cds.comp143236_c1_seq1|m.45178",06,#N/A,44.19,1
APNSFNLR,"Glycogen phosphorylase, muscle form cds.comp143236_c1_seq1|m.45178",07_170124190430,#N/A,43.88,1
APNSFNLR,"Glycogen phosphorylase, muscle form cds.comp143236_c1_seq1|m.45178",08,#N/A,44,1
APNSFNLR,"Glycogen phosphorylase, muscle form cds.comp143236_c1_seq1|m.45178",09,#N/A,43.65,1
APNSFNLR,"Glycogen phosphorylase, muscle form cds.comp143236_c1_seq1|m.45178",10,#N/A,44.05,1
APNSFNLR,"Glycogen phosphorylase, muscle form cds.comp143236_c1_seq1|m.45178",11,#N/A,43.66,1
APNSFNLR,"Glycogen phosphorylase, muscle form cds.comp143236_c1_seq1|m.45178",12,#N/A,43.85,1
APNSFNLR,"Glycogen phosphorylase, muscle form cds.comp143236_c1_seq1|m.45178",13,#N/A,43.82,1
APNSFNLR,"Glycogen phosphorylase, muscle form cds.comp143236_c1_seq1|m.45178",14,#N/A,43.78,1
APNSFNLR,"Glycogen phosphorylase, muscle form cds.comp143236_c1_seq1|m.45178",15,#N/A,43.83,1
APNSFNLR,"Glycogen phosphorylase, muscle form cds.comp143236_c1_seq1|m.45178",17,#N/A,43.84,1
APNSFNLR,"Glycogen phosphorylase, muscle form cds.comp143236_c1_seq1|m.45178",18,#N/A,43.74,1
APNSFNLR,"Glycogen phosphorylase, muscle form cds.comp143236_c1_seq1|m.45178",19,#N/A,43.91,1
APNSFNLR,"Glycogen phosphorylase, muscle form cds.comp143236_c1_seq1|m.45178",20,#N/A,43.71,1
VLYPNDNFFEGK,"Glycogen phosphorylase, muscle form cds.comp143236_c1_seq1|m.45178",01,#N/A,71.11,1
VLYPNDNFFEGK,"Glycogen phosphorylase, muscle form cds.comp143236_c1_seq1|m.45178",03,#N/A,70.66,1
VLYPNDNFFEGK,"Glycogen phosphorylase, muscle form cds.comp143236_c1_seq1|m.45178",04,#N/A,70.55,1
VLYPNDNFFEGK,"Glycogen phosphorylase, muscle form cds.comp143236_c1_seq1|m.45178",05,#N/A,70.34,1
VLYPNDNFFEGK,"Glycogen phosphorylase, muscle form cds.comp143236_c1_seq1|m.45178",06,#N/A,70.42,1
VLYPNDNFFEGK,"Glycogen phosphorylase, muscle form cds.comp143236_c1_seq1|m.45178",07_170124190430,#N/A,70.26,1
VLYPNDNFFEGK,"Glycogen phosphorylase, muscle form cds.comp143236_c1_seq1|m.45178",08,#N/A,70.23,1
VLYPNDNFFEGK,"Glycogen phosphorylase, muscle form cds.comp143236_c1_seq1|m.45178",09,#N/A,70.16,1
VLYPNDNFFEGK,"Glycogen phosphorylase, muscle form cds.comp143236_c1_seq1|m.45178",10,#N/A,70.31,1
VLYPNDNFFEGK,"Glycogen phosphorylase, muscle form cds.comp143236_c1_seq1|m.45178",11,#N/A,70.08,1
VLYPNDNFFEGK,"Glycogen phosphorylase, muscle form cds.comp143236_c1_seq1|m.45178",12,#N/A,70.22,1
VLYPNDNFFEGK,"Glycogen phosphorylase, muscle form cds.comp143236_c1_seq1|m.45178",13,#N/A,70.07,1
VLYPNDNFFEGK,"Glycogen phosphorylase, muscle form cds.comp143236_c1_seq1|m.45178",14,#N/A,70.15,1
VLYPNDNFFEGK,"Glycogen phosphorylase, muscle form cds.comp143236_c1_seq1|m.45178",15,#N/A,70.21,1
VLYPNDNFFEGK,"Glycogen phosphorylase, muscle form cds.comp143236_c1_seq1|m.45178",17,#N/A,70.05,1
VLYPNDNFFEGK,"Glycogen phosphorylase, muscle form cds.comp143236_c1_seq1|m.45178",18,#N/A,70.09,1
VLYPNDNFFEGK,"Glycogen phosphorylase, muscle form cds.comp143236_c1_seq1|m.45178",19,#N/A,70.11,1
VLYPNDNFFEGK,"Glycogen phosphorylase, muscle form cds.comp143236_c1_seq1|m.45178",20,#N/A,70.05,1
TSFDAFPDK,"Glycogen phosphorylase, muscle form cds.comp143236_c1_seq1|m.45178",01,#N/A,54.04,1
TSFDAFPDK,"Glycogen phosphorylase, muscle form cds.comp143236_c1_seq1|m.45178",03,#N/A,53.59,1
TSFDAFPDK,"Glycogen phosphorylase, muscle form cds.comp143236_c1_seq1|m.45178",04,#N/A,53.45,1
TSFDAFPDK,"Glycogen phosphorylase, muscle form cds.comp143236_c1_seq1|m.45178",05,#N/A,53.3,1
TSFDAFPDK,"Glycogen phosphorylase, muscle form cds.comp143236_c1_seq1|m.45178",06,#N/A,53.39,1
TSFDAFPDK,"Glycogen phosphorylase, muscle form cds.comp143236_c1_seq1|m.45178",07_170124190430,#N/A,53.11,1
TSFDAFPDK,"Glycogen phosphorylase, muscle form cds.comp143236_c1_seq1|m.45178",08,#N/A,53.21,1
TSFDAFPDK,"Glycogen phosphorylase, muscle form cds.comp143236_c1_seq1|m.45178",09,#N/A,52.97,1
TSFDAFPDK,"Glycogen phosphorylase, muscle form cds.comp143236_c1_seq1|m.45178",10,#N/A,53.21,1
TSFDAFPDK,"Glycogen phosphorylase, muscle form cds.comp143236_c1_seq1|m.45178",11,#N/A,52.95,1
TSFDAFPDK,"Glycogen phosphorylase, muscle form cds.comp143236_c1_seq1|m.45178",12,#N/A,53.08,1
TSFDAFPDK,"Glycogen phosphorylase, muscle form cds.comp143236_c1_seq1|m.45178",13,#N/A,52.98,1
TSFDAFPDK,"Glycogen phosphorylase, muscle form cds.comp143236_c1_seq1|m.45178",14,#N/A,53.07,1
TSFDAFPDK,"Glycogen phosphorylase, muscle form cds.comp143236_c1_seq1|m.45178",15,#N/A,53.1,1
TSFDAFPDK,"Glycogen phosphorylase, muscle form cds.comp143236_c1_seq1|m.45178",17,#N/A,52.98,1
TSFDAFPDK,"Glycogen phosphorylase, muscle form cds.comp143236_c1_seq1|m.45178",18,#N/A,53.03,1
TSFDAFPDK,"Glycogen phosphorylase, muscle form cds.comp143236_c1_seq1|m.45178",19,#N/A,53.11,1
TSFDAFPDK,"Glycogen phosphorylase, muscle form cds.comp143236_c1_seq1|m.45178",20,#N/A,52.96,1
IITRPFNVNGLLAYDSR,Cytochrome P450 cds.comp116478_c0_seq1|m.9888,01,#N/A,77.22,1
IITRPFNVNGLLAYDSR,Cytochrome P450 cds.comp116478_c0_seq1|m.9888,03,#N/A,76.51,1
IITRPFNVNGLLAYDSR,Cytochrome P450 cds.comp116478_c0_seq1|m.9888,04,#N/A,76.49,1
IITRPFNVNGLLAYDSR,Cytochrome P450 cds.comp116478_c0_seq1|m.9888,05,#N/A,76.27,1
IITRPFNVNGLLAYDSR,Cytochrome P450 cds.comp116478_c0_seq1|m.9888,06,#N/A,76.39,1
IITRPFNVNGLLAYDSR,Cytochrome P450 cds.comp116478_c0_seq1|m.9888,07_170124190430,#N/A,76.06,1
IITRPFNVNGLLAYDSR,Cytochrome P450 cds.comp116478_c0_seq1|m.9888,08,#N/A,76.04,1
IITRPFNVNGLLAYDSR,Cytochrome P450 cds.comp116478_c0_seq1|m.9888,09,#N/A,75.87,1
IITRPFNVNGLLAYDSR,Cytochrome P450 cds.comp116478_c0_seq1|m.9888,10,#N/A,76.09,1
IITRPFNVNGLLAYDSR,Cytochrome P450 cds.comp116478_c0_seq1|m.9888,11,#N/A,75.87,1
IITRPFNVNGLLAYDSR,Cytochrome P450 cds.comp116478_c0_seq1|m.9888,12,#N/A,76.11,1
IITRPFNVNGLLAYDSR,Cytochrome P450 cds.comp116478_c0_seq1|m.9888,13,#N/A,75.85,1
IITRPFNVNGLLAYDSR,Cytochrome P450 cds.comp116478_c0_seq1|m.9888,14,#N/A,76.04,1
IITRPFNVNGLLAYDSR,Cytochrome P450 cds.comp116478_c0_seq1|m.9888,15,#N/A,75.89,1
IITRPFNVNGLLAYDSR,Cytochrome P450 cds.comp116478_c0_seq1|m.9888,17,#N/A,75.82,1
IITRPFNVNGLLAYDSR,Cytochrome P450 cds.comp116478_c0_seq1|m.9888,18,#N/A,75.9,1
IITRPFNVNGLLAYDSR,Cytochrome P450 cds.comp116478_c0_seq1|m.9888,19,#N/A,75.87,1
IITRPFNVNGLLAYDSR,Cytochrome P450 cds.comp116478_c0_seq1|m.9888,20,#N/A,75.79,1
WLDESGVFLPEEHPSR,Cytochrome P450 cds.comp116478_c0_seq1|m.9888,01,#N/A,72.87,1
WLDESGVFLPEEHPSR,Cytochrome P450 cds.comp116478_c0_seq1|m.9888,03,#N/A,72.28,1
WLDESGVFLPEEHPSR,Cytochrome P450 cds.comp116478_c0_seq1|m.9888,04,#N/A,72.21,1
WLDESGVFLPEEHPSR,Cytochrome P450 cds.comp116478_c0_seq1|m.9888,05,#N/A,71.96,1
WLDESGVFLPEEHPSR,Cytochrome P450 cds.comp116478_c0_seq1|m.9888,06,#N/A,71.98,1
WLDESGVFLPEEHPSR,Cytochrome P450 cds.comp116478_c0_seq1|m.9888,07_170124190430,#N/A,71.85,1
WLDESGVFLPEEHPSR,Cytochrome P450 cds.comp116478_c0_seq1|m.9888,08,#N/A,71.8,1
WLDESGVFLPEEHPSR,Cytochrome P450 cds.comp116478_c0_seq1|m.9888,09,#N/A,71.7,1
WLDESGVFLPEEHPSR,Cytochrome P450 cds.comp116478_c0_seq1|m.9888,10,#N/A,71.83,1
WLDESGVFLPEEHPSR,Cytochrome P450 cds.comp116478_c0_seq1|m.9888,11,#N/A,71.71,1
WLDESGVFLPEEHPSR,Cytochrome P450 cds.comp116478_c0_seq1|m.9888,12,#N/A,71.82,1
WLDESGVFLPEEHPSR,Cytochrome P450 cds.comp116478_c0_seq1|m.9888,13,#N/A,71.62,1
WLDESGVFLPEEHPSR,Cytochrome P450 cds.comp116478_c0_seq1|m.9888,14,#N/A,71.71,1
WLDESGVFLPEEHPSR,Cytochrome P450 cds.comp116478_c0_seq1|m.9888,15,#N/A,71.7,1
WLDESGVFLPEEHPSR,Cytochrome P450 cds.comp116478_c0_seq1|m.9888,17,#N/A,71.58,1
WLDESGVFLPEEHPSR,Cytochrome P450 cds.comp116478_c0_seq1|m.9888,18,#N/A,71.73,1
WLDESGVFLPEEHPSR,Cytochrome P450 cds.comp116478_c0_seq1|m.9888,19,#N/A,71.67,1
WLDESGVFLPEEHPSR,Cytochrome P450 cds.comp116478_c0_seq1|m.9888,20,#N/A,71.59,1
QSLLPFGATGPR,Cytochrome P450 cds.comp116478_c0_seq1|m.9888,01,#N/A,69.86,1
QSLLPFGATGPR,Cytochrome P450 cds.comp116478_c0_seq1|m.9888,03,#N/A,69.33,1
QSLLPFGATGPR,Cytochrome P450 cds.comp116478_c0_seq1|m.9888,04,#N/A,69.24,1
QSLLPFGATGPR,Cytochrome P450 cds.comp116478_c0_seq1|m.9888,05,#N/A,69,1
QSLLPFGATGPR,Cytochrome P450 cds.comp116478_c0_seq1|m.9888,06,#N/A,69.06,1
QSLLPFGATGPR,Cytochrome P450 cds.comp116478_c0_seq1|m.9888,07_170124190430,#N/A,68.84,1
QSLLPFGATGPR,Cytochrome P450 cds.comp116478_c0_seq1|m.9888,08,#N/A,68.81,1
QSLLPFGATGPR,Cytochrome P450 cds.comp116478_c0_seq1|m.9888,09,#N/A,68.71,1
QSLLPFGATGPR,Cytochrome P450 cds.comp116478_c0_seq1|m.9888,10,#N/A,68.81,1
QSLLPFGATGPR,Cytochrome P450 cds.comp116478_c0_seq1|m.9888,11,#N/A,68.68,1
QSLLPFGATGPR,Cytochrome P450 cds.comp116478_c0_seq1|m.9888,12,#N/A,68.82,1
QSLLPFGATGPR,Cytochrome P450 cds.comp116478_c0_seq1|m.9888,13,#N/A,68.63,1
QSLLPFGATGPR,Cytochrome P450 cds.comp116478_c0_seq1|m.9888,14,#N/A,68.73,1
QSLLPFGATGPR,Cytochrome P450 cds.comp116478_c0_seq1|m.9888,15,#N/A,68.7,1
QSLLPFGATGPR,Cytochrome P450 cds.comp116478_c0_seq1|m.9888,17,#N/A,68.5,1
QSLLPFGATGPR,Cytochrome P450 cds.comp116478_c0_seq1|m.9888,18,#N/A,68.64,1
QSLLPFGATGPR,Cytochrome P450 cds.comp116478_c0_seq1|m.9888,19,#N/A,68.71,1
QSLLPFGATGPR,Cytochrome P450 cds.comp116478_c0_seq1|m.9888,20,#N/A,68.58,1
AGELGGSDPDYAMR,Catalase cds.comp143196_c0_seq1|m.45003,01,#N/A,48.06,1
AGELGGSDPDYAMR,Catalase cds.comp143196_c0_seq1|m.45003,03,#N/A,47.52,1
AGELGGSDPDYAMR,Catalase cds.comp143196_c0_seq1|m.45003,04,#N/A,47.51,1
AGELGGSDPDYAMR,Catalase cds.comp143196_c0_seq1|m.45003,05,#N/A,47.39,1
AGELGGSDPDYAMR,Catalase cds.comp143196_c0_seq1|m.45003,06,#N/A,47.47,1
AGELGGSDPDYAMR,Catalase cds.comp143196_c0_seq1|m.45003,07_170124190430,#N/A,47.22,1
AGELGGSDPDYAMR,Catalase cds.comp143196_c0_seq1|m.45003,08,#N/A,47.29,1
AGELGGSDPDYAMR,Catalase cds.comp143196_c0_seq1|m.45003,09,#N/A,47.11,1
AGELGGSDPDYAMR,Catalase cds.comp143196_c0_seq1|m.45003,10,#N/A,47.35,1
AGELGGSDPDYAMR,Catalase cds.comp143196_c0_seq1|m.45003,11,#N/A,47.1,1
AGELGGSDPDYAMR,Catalase cds.comp143196_c0_seq1|m.45003,12,#N/A,47.22,1
AGELGGSDPDYAMR,Catalase cds.comp143196_c0_seq1|m.45003,13,#N/A,47.17,1
AGELGGSDPDYAMR,Catalase cds.comp143196_c0_seq1|m.45003,14,#N/A,47.23,1
AGELGGSDPDYAMR,Catalase cds.comp143196_c0_seq1|m.45003,15,#N/A,47.27,1
AGELGGSDPDYAMR,Catalase cds.comp143196_c0_seq1|m.45003,17,#N/A,47.27,1
AGELGGSDPDYAMR,Catalase cds.comp143196_c0_seq1|m.45003,18,#N/A,47.24,1
AGELGGSDPDYAMR,Catalase cds.comp143196_c0_seq1|m.45003,19,#N/A,47.31,1
AGELGGSDPDYAMR,Catalase cds.comp143196_c0_seq1|m.45003,20,#N/A,47.2,1
LYSYSDTHR,Catalase cds.comp143196_c0_seq1|m.45003,01,#N/A,31.37,1
LYSYSDTHR,Catalase cds.comp143196_c0_seq1|m.45003,03,#N/A,30.71,1
LYSYSDTHR,Catalase cds.comp143196_c0_seq1|m.45003,04,#N/A,30.79,1
LYSYSDTHR,Catalase cds.comp143196_c0_seq1|m.45003,05,#N/A,30.68,1
LYSYSDTHR,Catalase cds.comp143196_c0_seq1|m.45003,06,#N/A,30.78,1
LYSYSDTHR,Catalase cds.comp143196_c0_seq1|m.45003,07_170124190430,#N/A,30.42,1
LYSYSDTHR,Catalase cds.comp143196_c0_seq1|m.45003,08,#N/A,30.45,1
LYSYSDTHR,Catalase cds.comp143196_c0_seq1|m.45003,09,#N/A,30.24,1
LYSYSDTHR,Catalase cds.comp143196_c0_seq1|m.45003,10,#N/A,30.58,1
LYSYSDTHR,Catalase cds.comp143196_c0_seq1|m.45003,11,#N/A,30.3,1
LYSYSDTHR,Catalase cds.comp143196_c0_seq1|m.45003,12,#N/A,30.47,1
LYSYSDTHR,Catalase cds.comp143196_c0_seq1|m.45003,13,#N/A,30.48,1
LYSYSDTHR,Catalase cds.comp143196_c0_seq1|m.45003,14,#N/A,30.39,1
LYSYSDTHR,Catalase cds.comp143196_c0_seq1|m.45003,15,#N/A,30.43,1
LYSYSDTHR,Catalase cds.comp143196_c0_seq1|m.45003,17,#N/A,30.34,1
LYSYSDTHR,Catalase cds.comp143196_c0_seq1|m.45003,18,#N/A,30.33,1
LYSYSDTHR,Catalase cds.comp143196_c0_seq1|m.45003,19,#N/A,30.5,1
LYSYSDTHR,Catalase cds.comp143196_c0_seq1|m.45003,20,#N/A,30.28,1
LTANIAGHLIGAQEFIQK,Catalase cds.comp143196_c0_seq1|m.45003,01,#N/A,73.64,1
LTANIAGHLIGAQEFIQK,Catalase cds.comp143196_c0_seq1|m.45003,03,#N/A,72.98,1
LTANIAGHLIGAQEFIQK,Catalase cds.comp143196_c0_seq1|m.45003,04,#N/A,72.94,1
LTANIAGHLIGAQEFIQK,Catalase cds.comp143196_c0_seq1|m.45003,05,#N/A,72.62,1
LTANIAGHLIGAQEFIQK,Catalase cds.comp143196_c0_seq1|m.45003,06,#N/A,72.83,1
LTANIAGHLIGAQEFIQK,Catalase cds.comp143196_c0_seq1|m.45003,07_170124190430,#N/A,72.56,1
LTANIAGHLIGAQEFIQK,Catalase cds.comp143196_c0_seq1|m.45003,08,#N/A,72.5,1
LTANIAGHLIGAQEFIQK,Catalase cds.comp143196_c0_seq1|m.45003,09,#N/A,72.4,1
LTANIAGHLIGAQEFIQK,Catalase cds.comp143196_c0_seq1|m.45003,10,#N/A,72.57,1
LTANIAGHLIGAQEFIQK,Catalase cds.comp143196_c0_seq1|m.45003,11,#N/A,72.41,1
LTANIAGHLIGAQEFIQK,Catalase cds.comp143196_c0_seq1|m.45003,12,#N/A,72.55,1
LTANIAGHLIGAQEFIQK,Catalase cds.comp143196_c0_seq1|m.45003,13,#N/A,72.29,1
LTANIAGHLIGAQEFIQK,Catalase cds.comp143196_c0_seq1|m.45003,14,#N/A,72.48,1
LTANIAGHLIGAQEFIQK,Catalase cds.comp143196_c0_seq1|m.45003,15,#N/A,72.36,1
LTANIAGHLIGAQEFIQK,Catalase cds.comp143196_c0_seq1|m.45003,17,#N/A,72.2,1
LTANIAGHLIGAQEFIQK,Catalase cds.comp143196_c0_seq1|m.45003,18,#N/A,72.4,1
LTANIAGHLIGAQEFIQK,Catalase cds.comp143196_c0_seq1|m.45003,19,#N/A,72.44,1
LTANIAGHLIGAQEFIQK,Catalase cds.comp143196_c0_seq1|m.45003,20,#N/A,72.34,1
ALFIIDDK,Peroxiredoxin-1 cds.comp136585_c1_seq9|m.26572,01,#N/A,68.79,1
ALFIIDDK,Peroxiredoxin-1 cds.comp136585_c1_seq9|m.26572,03,#N/A,68.18,1
ALFIIDDK,Peroxiredoxin-1 cds.comp136585_c1_seq9|m.26572,04,#N/A,68.15,1
ALFIIDDK,Peroxiredoxin-1 cds.comp136585_c1_seq9|m.26572,05,#N/A,67.95,1
ALFIIDDK,Peroxiredoxin-1 cds.comp136585_c1_seq9|m.26572,06,#N/A,68.06,1
ALFIIDDK,Peroxiredoxin-1 cds.comp136585_c1_seq9|m.26572,07_170124190430,#N/A,67.75,1
ALFIIDDK,Peroxiredoxin-1 cds.comp136585_c1_seq9|m.26572,08,#N/A,67.78,1
ALFIIDDK,Peroxiredoxin-1 cds.comp136585_c1_seq9|m.26572,09,#N/A,67.58,1
ALFIIDDK,Peroxiredoxin-1 cds.comp136585_c1_seq9|m.26572,10,#N/A,67.73,1
ALFIIDDK,Peroxiredoxin-1 cds.comp136585_c1_seq9|m.26572,11,#N/A,67.56,1
ALFIIDDK,Peroxiredoxin-1 cds.comp136585_c1_seq9|m.26572,12,#N/A,67.64,1
ALFIIDDK,Peroxiredoxin-1 cds.comp136585_c1_seq9|m.26572,13,#N/A,67.55,1
ALFIIDDK,Peroxiredoxin-1 cds.comp136585_c1_seq9|m.26572,14,#N/A,67.62,1
ALFIIDDK,Peroxiredoxin-1 cds.comp136585_c1_seq9|m.26572,15,#N/A,67.55,1
ALFIIDDK,Peroxiredoxin-1 cds.comp136585_c1_seq9|m.26572,17,#N/A,67.48,1
ALFIIDDK,Peroxiredoxin-1 cds.comp136585_c1_seq9|m.26572,18,#N/A,67.52,1
ALFIIDDK,Peroxiredoxin-1 cds.comp136585_c1_seq9|m.26572,19,#N/A,67.6,1
ALFIIDDK,Peroxiredoxin-1 cds.comp136585_c1_seq9|m.26572,20,#N/A,67.47,1
QITMNDLPVGR,Peroxiredoxin-1 cds.comp136585_c1_seq9|m.26572,01,#N/A,60.99,1
QITMNDLPVGR,Peroxiredoxin-1 cds.comp136585_c1_seq9|m.26572,03,#N/A,60.4,1
QITMNDLPVGR,Peroxiredoxin-1 cds.comp136585_c1_seq9|m.26572,04,#N/A,60.4,1
QITMNDLPVGR,Peroxiredoxin-1 cds.comp136585_c1_seq9|m.26572,05,#N/A,60.21,1
QITMNDLPVGR,Peroxiredoxin-1 cds.comp136585_c1_seq9|m.26572,06,#N/A,60.32,1
QITMNDLPVGR,Peroxiredoxin-1 cds.comp136585_c1_seq9|m.26572,07_170124190430,#N/A,60.07,1
QITMNDLPVGR,Peroxiredoxin-1 cds.comp136585_c1_seq9|m.26572,08,#N/A,60.08,1
QITMNDLPVGR,Peroxiredoxin-1 cds.comp136585_c1_seq9|m.26572,09,#N/A,59.87,1
QITMNDLPVGR,Peroxiredoxin-1 cds.comp136585_c1_seq9|m.26572,10,#N/A,60.09,1
QITMNDLPVGR,Peroxiredoxin-1 cds.comp136585_c1_seq9|m.26572,11,#N/A,59.88,1
QITMNDLPVGR,Peroxiredoxin-1 cds.comp136585_c1_seq9|m.26572,12,#N/A,60.02,1
QITMNDLPVGR,Peroxiredoxin-1 cds.comp136585_c1_seq9|m.26572,13,#N/A,59.93,1
QITMNDLPVGR,Peroxiredoxin-1 cds.comp136585_c1_seq9|m.26572,14,#N/A,60.04,1
QITMNDLPVGR,Peroxiredoxin-1 cds.comp136585_c1_seq9|m.26572,15,#N/A,59.94,1
QITMNDLPVGR,Peroxiredoxin-1 cds.comp136585_c1_seq9|m.26572,17,#N/A,59.91,1
QITMNDLPVGR,Peroxiredoxin-1 cds.comp136585_c1_seq9|m.26572,18,#N/A,60,1
QITMNDLPVGR,Peroxiredoxin-1 cds.comp136585_c1_seq9|m.26572,19,#N/A,59.95,1
QITMNDLPVGR,Peroxiredoxin-1 cds.comp136585_c1_seq9|m.26572,20,#N/A,59.88,1
LVQAFQFTDK,Peroxiredoxin-1 cds.comp136585_c1_seq9|m.26572,01,#N/A,63.85,1
LVQAFQFTDK,Peroxiredoxin-1 cds.comp136585_c1_seq9|m.26572,03,#N/A,63.25,1
LVQAFQFTDK,Peroxiredoxin-1 cds.comp136585_c1_seq9|m.26572,04,#N/A,63.2,1
LVQAFQFTDK,Peroxiredoxin-1 cds.comp136585_c1_seq9|m.26572,05,#N/A,63.05,1
LVQAFQFTDK,Peroxiredoxin-1 cds.comp136585_c1_seq9|m.26572,06,#N/A,63.09,1
LVQAFQFTDK,Peroxiredoxin-1 cds.comp136585_c1_seq9|m.26572,07_170124190430,#N/A,62.84,1
LVQAFQFTDK,Peroxiredoxin-1 cds.comp136585_c1_seq9|m.26572,08,#N/A,62.91,1
LVQAFQFTDK,Peroxiredoxin-1 cds.comp136585_c1_seq9|m.26572,09,#N/A,62.69,1
LVQAFQFTDK,Peroxiredoxin-1 cds.comp136585_c1_seq9|m.26572,10,#N/A,62.85,1
LVQAFQFTDK,Peroxiredoxin-1 cds.comp136585_c1_seq9|m.26572,11,#N/A,62.72,1
LVQAFQFTDK,Peroxiredoxin-1 cds.comp136585_c1_seq9|m.26572,12,#N/A,62.79,1
LVQAFQFTDK,Peroxiredoxin-1 cds.comp136585_c1_seq9|m.26572,13,#N/A,62.74,1
LVQAFQFTDK,Peroxiredoxin-1 cds.comp136585_c1_seq9|m.26572,14,#N/A,62.76,1
LVQAFQFTDK,Peroxiredoxin-1 cds.comp136585_c1_seq9|m.26572,15,#N/A,62.66,1
LVQAFQFTDK,Peroxiredoxin-1 cds.comp136585_c1_seq9|m.26572,17,#N/A,62.64,1
LVQAFQFTDK,Peroxiredoxin-1 cds.comp136585_c1_seq9|m.26572,18,#N/A,62.63,1
LVQAFQFTDK,Peroxiredoxin-1 cds.comp136585_c1_seq9|m.26572,19,#N/A,62.71,1
LVQAFQFTDK,Peroxiredoxin-1 cds.comp136585_c1_seq9|m.26572,20,#N/A,62.69,1
AAQDNGLLTDVLAYK,"Trifunctional enzyme subunit beta, mitochondrial  cds.comp142978_c0_seq3|m.44140",01,#N/A,83.23,1
AAQDNGLLTDVLAYK,"Trifunctional enzyme subunit beta, mitochondrial  cds.comp142978_c0_seq3|m.44140",03,#N/A,82.75,1
AAQDNGLLTDVLAYK,"Trifunctional enzyme subunit beta, mitochondrial  cds.comp142978_c0_seq3|m.44140",04,#N/A,82.64,1
AAQDNGLLTDVLAYK,"Trifunctional enzyme subunit beta, mitochondrial  cds.comp142978_c0_seq3|m.44140",05,#N/A,82.39,1
AAQDNGLLTDVLAYK,"Trifunctional enzyme subunit beta, mitochondrial  cds.comp142978_c0_seq3|m.44140",06,#N/A,82.55,1
AAQDNGLLTDVLAYK,"Trifunctional enzyme subunit beta, mitochondrial  cds.comp142978_c0_seq3|m.44140",07_170124190430,#N/A,82.38,1
AAQDNGLLTDVLAYK,"Trifunctional enzyme subunit beta, mitochondrial  cds.comp142978_c0_seq3|m.44140",08,#N/A,82.35,1
AAQDNGLLTDVLAYK,"Trifunctional enzyme subunit beta, mitochondrial  cds.comp142978_c0_seq3|m.44140",09,#N/A,82.24,1
AAQDNGLLTDVLAYK,"Trifunctional enzyme subunit beta, mitochondrial  cds.comp142978_c0_seq3|m.44140",10,#N/A,82.32,1
AAQDNGLLTDVLAYK,"Trifunctional enzyme subunit beta, mitochondrial  cds.comp142978_c0_seq3|m.44140",11,#N/A,82.28,1
AAQDNGLLTDVLAYK,"Trifunctional enzyme subunit beta, mitochondrial  cds.comp142978_c0_seq3|m.44140",12,#N/A,82.34,1
AAQDNGLLTDVLAYK,"Trifunctional enzyme subunit beta, mitochondrial  cds.comp142978_c0_seq3|m.44140",13,#N/A,82.15,1
AAQDNGLLTDVLAYK,"Trifunctional enzyme subunit beta, mitochondrial  cds.comp142978_c0_seq3|m.44140",14,#N/A,82.27,1
AAQDNGLLTDVLAYK,"Trifunctional enzyme subunit beta, mitochondrial  cds.comp142978_c0_seq3|m.44140",15,#N/A,82.29,1
AAQDNGLLTDVLAYK,"Trifunctional enzyme subunit beta, mitochondrial  cds.comp142978_c0_seq3|m.44140",17,#N/A,82.12,1
AAQDNGLLTDVLAYK,"Trifunctional enzyme subunit beta, mitochondrial  cds.comp142978_c0_seq3|m.44140",18,#N/A,82.21,1
AAQDNGLLTDVLAYK,"Trifunctional enzyme subunit beta, mitochondrial  cds.comp142978_c0_seq3|m.44140",19,#N/A,82.28,1
AAQDNGLLTDVLAYK,"Trifunctional enzyme subunit beta, mitochondrial  cds.comp142978_c0_seq3|m.44140",20,#N/A,82.16,1
ALELGLKPK,"Trifunctional enzyme subunit beta, mitochondrial  cds.comp142978_c0_seq3|m.44140",01,#N/A,45.65,1
ALELGLKPK,"Trifunctional enzyme subunit beta, mitochondrial  cds.comp142978_c0_seq3|m.44140",03,#N/A,44.97,1
ALELGLKPK,"Trifunctional enzyme subunit beta, mitochondrial  cds.comp142978_c0_seq3|m.44140",04,#N/A,44.94,1
ALELGLKPK,"Trifunctional enzyme subunit beta, mitochondrial  cds.comp142978_c0_seq3|m.44140",05,#N/A,44.77,1
ALELGLKPK,"Trifunctional enzyme subunit beta, mitochondrial  cds.comp142978_c0_seq3|m.44140",06,#N/A,44.85,1
ALELGLKPK,"Trifunctional enzyme subunit beta, mitochondrial  cds.comp142978_c0_seq3|m.44140",07_170124190430,#N/A,44.43,1
ALELGLKPK,"Trifunctional enzyme subunit beta, mitochondrial  cds.comp142978_c0_seq3|m.44140",08,#N/A,44.48,1
ALELGLKPK,"Trifunctional enzyme subunit beta, mitochondrial  cds.comp142978_c0_seq3|m.44140",09,#N/A,44.2,1
ALELGLKPK,"Trifunctional enzyme subunit beta, mitochondrial  cds.comp142978_c0_seq3|m.44140",10,#N/A,44.57,1
ALELGLKPK,"Trifunctional enzyme subunit beta, mitochondrial  cds.comp142978_c0_seq3|m.44140",11,#N/A,44.21,1
ALELGLKPK,"Trifunctional enzyme subunit beta, mitochondrial  cds.comp142978_c0_seq3|m.44140",12,#N/A,44.4,1
ALELGLKPK,"Trifunctional enzyme subunit beta, mitochondrial  cds.comp142978_c0_seq3|m.44140",13,#N/A,44.3,1
ALELGLKPK,"Trifunctional enzyme subunit beta, mitochondrial  cds.comp142978_c0_seq3|m.44140",14,#N/A,44.37,1
ALELGLKPK,"Trifunctional enzyme subunit beta, mitochondrial  cds.comp142978_c0_seq3|m.44140",15,#N/A,44.35,1
ALELGLKPK,"Trifunctional enzyme subunit beta, mitochondrial  cds.comp142978_c0_seq3|m.44140",17,#N/A,44.32,1
ALELGLKPK,"Trifunctional enzyme subunit beta, mitochondrial  cds.comp142978_c0_seq3|m.44140",18,#N/A,44.26,1
ALELGLKPK,"Trifunctional enzyme subunit beta, mitochondrial  cds.comp142978_c0_seq3|m.44140",19,#N/A,44.39,1
ALELGLKPK,"Trifunctional enzyme subunit beta, mitochondrial  cds.comp142978_c0_seq3|m.44140",20,#N/A,44.22,1
FNLWGGSLSLGHPFGATGVR,"Trifunctional enzyme subunit beta, mitochondrial  cds.comp142978_c0_seq3|m.44140",01,#N/A,88.51,1
FNLWGGSLSLGHPFGATGVR,"Trifunctional enzyme subunit beta, mitochondrial  cds.comp142978_c0_seq3|m.44140",03,#N/A,87.89,1
FNLWGGSLSLGHPFGATGVR,"Trifunctional enzyme subunit beta, mitochondrial  cds.comp142978_c0_seq3|m.44140",04,#N/A,87.82,1
FNLWGGSLSLGHPFGATGVR,"Trifunctional enzyme subunit beta, mitochondrial  cds.comp142978_c0_seq3|m.44140",05,#N/A,87.42,1
FNLWGGSLSLGHPFGATGVR,"Trifunctional enzyme subunit beta, mitochondrial  cds.comp142978_c0_seq3|m.44140",06,#N/A,87.6,1
FNLWGGSLSLGHPFGATGVR,"Trifunctional enzyme subunit beta, mitochondrial  cds.comp142978_c0_seq3|m.44140",07_170124190430,#N/A,87.24,1
FNLWGGSLSLGHPFGATGVR,"Trifunctional enzyme subunit beta, mitochondrial  cds.comp142978_c0_seq3|m.44140",08,#N/A,87.23,1
FNLWGGSLSLGHPFGATGVR,"Trifunctional enzyme subunit beta, mitochondrial  cds.comp142978_c0_seq3|m.44140",09,#N/A,87.02,1
FNLWGGSLSLGHPFGATGVR,"Trifunctional enzyme subunit beta, mitochondrial  cds.comp142978_c0_seq3|m.44140",10,#N/A,87.32,1
FNLWGGSLSLGHPFGATGVR,"Trifunctional enzyme subunit beta, mitochondrial  cds.comp142978_c0_seq3|m.44140",11,#N/A,87.05,1
FNLWGGSLSLGHPFGATGVR,"Trifunctional enzyme subunit beta, mitochondrial  cds.comp142978_c0_seq3|m.44140",12,#N/A,87.28,1
FNLWGGSLSLGHPFGATGVR,"Trifunctional enzyme subunit beta, mitochondrial  cds.comp142978_c0_seq3|m.44140",13,#N/A,86.92,1
FNLWGGSLSLGHPFGATGVR,"Trifunctional enzyme subunit beta, mitochondrial  cds.comp142978_c0_seq3|m.44140",14,#N/A,87.05,1
FNLWGGSLSLGHPFGATGVR,"Trifunctional enzyme subunit beta, mitochondrial  cds.comp142978_c0_seq3|m.44140",15,#N/A,87.08,1
FNLWGGSLSLGHPFGATGVR,"Trifunctional enzyme subunit beta, mitochondrial  cds.comp142978_c0_seq3|m.44140",17,#N/A,86.8,1
FNLWGGSLSLGHPFGATGVR,"Trifunctional enzyme subunit beta, mitochondrial  cds.comp142978_c0_seq3|m.44140",18,#N/A,87.1,1
FNLWGGSLSLGHPFGATGVR,"Trifunctional enzyme subunit beta, mitochondrial  cds.comp142978_c0_seq3|m.44140",19,#N/A,87.02,1
FNLWGGSLSLGHPFGATGVR,"Trifunctional enzyme subunit beta, mitochondrial  cds.comp142978_c0_seq3|m.44140",20,#N/A,86.89,1
VVLVGDSGVGK,Ras-related protein Rab-11B cds.comp29498_c0_seq1|m.1010,01,#N/A,44.26,0.67
VVLVGDSGVGK,Ras-related protein Rab-11B cds.comp29498_c0_seq1|m.1010,03,#N/A,43.69,1
VVLVGDSGVGK,Ras-related protein Rab-11B cds.comp29498_c0_seq1|m.1010,04,#N/A,43.7,0.67
VVLVGDSGVGK,Ras-related protein Rab-11B cds.comp29498_c0_seq1|m.1010,05,#N/A,43.57,0.67
VVLVGDSGVGK,Ras-related protein Rab-11B cds.comp29498_c0_seq1|m.1010,06,#N/A,43.61,1
VVLVGDSGVGK,Ras-related protein Rab-11B cds.comp29498_c0_seq1|m.1010,07_170124190430,#N/A,43.36,0.67
VVLVGDSGVGK,Ras-related protein Rab-11B cds.comp29498_c0_seq1|m.1010,08,#N/A,43.38,1
VVLVGDSGVGK,Ras-related protein Rab-11B cds.comp29498_c0_seq1|m.1010,09,#N/A,43.1,0.67
VVLVGDSGVGK,Ras-related protein Rab-11B cds.comp29498_c0_seq1|m.1010,10,#N/A,43.39,1
VVLVGDSGVGK,Ras-related protein Rab-11B cds.comp29498_c0_seq1|m.1010,11,#N/A,43.19,0.67
VVLVGDSGVGK,Ras-related protein Rab-11B cds.comp29498_c0_seq1|m.1010,12,#N/A,43.23,0.67
VVLVGDSGVGK,Ras-related protein Rab-11B cds.comp29498_c0_seq1|m.1010,13,#N/A,43.27,1
VVLVGDSGVGK,Ras-related protein Rab-11B cds.comp29498_c0_seq1|m.1010,14,#N/A,43.27,0.67
VVLVGDSGVGK,Ras-related protein Rab-11B cds.comp29498_c0_seq1|m.1010,15,#N/A,43.32,1
VVLVGDSGVGK,Ras-related protein Rab-11B cds.comp29498_c0_seq1|m.1010,17,#N/A,43.22,0.67
VVLVGDSGVGK,Ras-related protein Rab-11B cds.comp29498_c0_seq1|m.1010,18,#N/A,43.2,0.67
VVLVGDSGVGK,Ras-related protein Rab-11B cds.comp29498_c0_seq1|m.1010,19,#N/A,43.33,1
VVLVGDSGVGK,Ras-related protein Rab-11B cds.comp29498_c0_seq1|m.1010,20,#N/A,43.2,0.67
STIGVEFATR,Ras-related protein Rab-11B cds.comp29498_c0_seq1|m.1010,01,#N/A,55.29,1
STIGVEFATR,Ras-related protein Rab-11B cds.comp29498_c0_seq1|m.1010,03,#N/A,54.72,1
STIGVEFATR,Ras-related protein Rab-11B cds.comp29498_c0_seq1|m.1010,04,#N/A,54.71,1
STIGVEFATR,Ras-related protein Rab-11B cds.comp29498_c0_seq1|m.1010,05,#N/A,54.55,1
STIGVEFATR,Ras-related protein Rab-11B cds.comp29498_c0_seq1|m.1010,06,#N/A,54.64,1
STIGVEFATR,Ras-related protein Rab-11B cds.comp29498_c0_seq1|m.1010,07_170124190430,#N/A,54.28,1
STIGVEFATR,Ras-related protein Rab-11B cds.comp29498_c0_seq1|m.1010,08,#N/A,54.35,1
STIGVEFATR,Ras-related protein Rab-11B cds.comp29498_c0_seq1|m.1010,09,#N/A,54.06,1
STIGVEFATR,Ras-related protein Rab-11B cds.comp29498_c0_seq1|m.1010,10,#N/A,54.35,1
STIGVEFATR,Ras-related protein Rab-11B cds.comp29498_c0_seq1|m.1010,11,#N/A,54.13,1
STIGVEFATR,Ras-related protein Rab-11B cds.comp29498_c0_seq1|m.1010,12,#N/A,54.25,1
STIGVEFATR,Ras-related protein Rab-11B cds.comp29498_c0_seq1|m.1010,13,#N/A,54.12,1
STIGVEFATR,Ras-related protein Rab-11B cds.comp29498_c0_seq1|m.1010,14,#N/A,54.24,1
STIGVEFATR,Ras-related protein Rab-11B cds.comp29498_c0_seq1|m.1010,15,#N/A,54.14,1
STIGVEFATR,Ras-related protein Rab-11B cds.comp29498_c0_seq1|m.1010,17,#N/A,54.16,1
STIGVEFATR,Ras-related protein Rab-11B cds.comp29498_c0_seq1|m.1010,18,#N/A,54.14,1
STIGVEFATR,Ras-related protein Rab-11B cds.comp29498_c0_seq1|m.1010,19,#N/A,54.22,1
STIGVEFATR,Ras-related protein Rab-11B cds.comp29498_c0_seq1|m.1010,20,#N/A,54.04,1
AQLWDTAGQER,Ras-related protein Rab-11B cds.comp29498_c0_seq1|m.1010,01,#N/A,49.88,1
AQLWDTAGQER,Ras-related protein Rab-11B cds.comp29498_c0_seq1|m.1010,03,#N/A,49.37,1
AQLWDTAGQER,Ras-related protein Rab-11B cds.comp29498_c0_seq1|m.1010,04,#N/A,49.36,1
AQLWDTAGQER,Ras-related protein Rab-11B cds.comp29498_c0_seq1|m.1010,05,#N/A,49.26,1
AQLWDTAGQER,Ras-related protein Rab-11B cds.comp29498_c0_seq1|m.1010,06,#N/A,49.21,1
AQLWDTAGQER,Ras-related protein Rab-11B cds.comp29498_c0_seq1|m.1010,07_170124190430,#N/A,48.92,1
AQLWDTAGQER,Ras-related protein Rab-11B cds.comp29498_c0_seq1|m.1010,08,#N/A,49.04,1
AQLWDTAGQER,Ras-related protein Rab-11B cds.comp29498_c0_seq1|m.1010,09,#N/A,48.79,1
AQLWDTAGQER,Ras-related protein Rab-11B cds.comp29498_c0_seq1|m.1010,10,#N/A,49.06,1
AQLWDTAGQER,Ras-related protein Rab-11B cds.comp29498_c0_seq1|m.1010,11,#N/A,48.82,1
AQLWDTAGQER,Ras-related protein Rab-11B cds.comp29498_c0_seq1|m.1010,12,#N/A,48.96,1
AQLWDTAGQER,Ras-related protein Rab-11B cds.comp29498_c0_seq1|m.1010,13,#N/A,48.86,1
AQLWDTAGQER,Ras-related protein Rab-11B cds.comp29498_c0_seq1|m.1010,14,#N/A,48.94,1
AQLWDTAGQER,Ras-related protein Rab-11B cds.comp29498_c0_seq1|m.1010,15,#N/A,48.95,1
AQLWDTAGQER,Ras-related protein Rab-11B cds.comp29498_c0_seq1|m.1010,17,#N/A,48.89,1
AQLWDTAGQER,Ras-related protein Rab-11B cds.comp29498_c0_seq1|m.1010,18,#N/A,48.94,1
AQLWDTAGQER,Ras-related protein Rab-11B cds.comp29498_c0_seq1|m.1010,19,#N/A,49.02,1
AQLWDTAGQER,Ras-related protein Rab-11B cds.comp29498_c0_seq1|m.1010,20,#N/A,48.87,1
TVIEPMAGDGLR,Sodium/potassium-transporting ATPase subunit alpha-4  cds.comp141683_c0_seq1|m.39192,01,#N/A,56.39,1
TVIEPMAGDGLR,Sodium/potassium-transporting ATPase subunit alpha-4  cds.comp141683_c0_seq1|m.39192,03,#N/A,55.82,1
TVIEPMAGDGLR,Sodium/potassium-transporting ATPase subunit alpha-4  cds.comp141683_c0_seq1|m.39192,04,#N/A,55.84,1
TVIEPMAGDGLR,Sodium/potassium-transporting ATPase subunit alpha-4  cds.comp141683_c0_seq1|m.39192,05,#N/A,55.67,1
TVIEPMAGDGLR,Sodium/potassium-transporting ATPase subunit alpha-4  cds.comp141683_c0_seq1|m.39192,06,#N/A,55.63,0.67
TVIEPMAGDGLR,Sodium/potassium-transporting ATPase subunit alpha-4  cds.comp141683_c0_seq1|m.39192,07_170124190430,#N/A,55.48,1
TVIEPMAGDGLR,Sodium/potassium-transporting ATPase subunit alpha-4  cds.comp141683_c0_seq1|m.39192,08,#N/A,55.48,1
TVIEPMAGDGLR,Sodium/potassium-transporting ATPase subunit alpha-4  cds.comp141683_c0_seq1|m.39192,09,#N/A,55.3,1
TVIEPMAGDGLR,Sodium/potassium-transporting ATPase subunit alpha-4  cds.comp141683_c0_seq1|m.39192,10,#N/A,55.52,1
TVIEPMAGDGLR,Sodium/potassium-transporting ATPase subunit alpha-4  cds.comp141683_c0_seq1|m.39192,11,#N/A,55.33,1
TVIEPMAGDGLR,Sodium/potassium-transporting ATPase subunit alpha-4  cds.comp141683_c0_seq1|m.39192,12,#N/A,55.39,1
TVIEPMAGDGLR,Sodium/potassium-transporting ATPase subunit alpha-4  cds.comp141683_c0_seq1|m.39192,13,#N/A,55.29,1
TVIEPMAGDGLR,Sodium/potassium-transporting ATPase subunit alpha-4  cds.comp141683_c0_seq1|m.39192,14,#N/A,55.38,1
TVIEPMAGDGLR,Sodium/potassium-transporting ATPase subunit alpha-4  cds.comp141683_c0_seq1|m.39192,15,#N/A,55.38,1
TVIEPMAGDGLR,Sodium/potassium-transporting ATPase subunit alpha-4  cds.comp141683_c0_seq1|m.39192,17,#N/A,55.28,1
TVIEPMAGDGLR,Sodium/potassium-transporting ATPase subunit alpha-4  cds.comp141683_c0_seq1|m.39192,18,#N/A,55.28,1
TVIEPMAGDGLR,Sodium/potassium-transporting ATPase subunit alpha-4  cds.comp141683_c0_seq1|m.39192,19,#N/A,55.37,1
TVIEPMAGDGLR,Sodium/potassium-transporting ATPase subunit alpha-4  cds.comp141683_c0_seq1|m.39192,20,#N/A,55.26,1
MVTGDNVNTAR,Sodium/potassium-transporting ATPase subunit alpha-4  cds.comp141683_c0_seq1|m.39192,01,#N/A,28.54,1
MVTGDNVNTAR,Sodium/potassium-transporting ATPase subunit alpha-4  cds.comp141683_c0_seq1|m.39192,03,#N/A,27.99,1
MVTGDNVNTAR,Sodium/potassium-transporting ATPase subunit alpha-4  cds.comp141683_c0_seq1|m.39192,04,#N/A,27.93,1
MVTGDNVNTAR,Sodium/potassium-transporting ATPase subunit alpha-4  cds.comp141683_c0_seq1|m.39192,05,#N/A,28.03,1
MVTGDNVNTAR,Sodium/potassium-transporting ATPase subunit alpha-4  cds.comp141683_c0_seq1|m.39192,06,#N/A,28.07,0.33
MVTGDNVNTAR,Sodium/potassium-transporting ATPase subunit alpha-4  cds.comp141683_c0_seq1|m.39192,07_170124190430,#N/A,27.78,1
MVTGDNVNTAR,Sodium/potassium-transporting ATPase subunit alpha-4  cds.comp141683_c0_seq1|m.39192,08,#N/A,27.67,1
MVTGDNVNTAR,Sodium/potassium-transporting ATPase subunit alpha-4  cds.comp141683_c0_seq1|m.39192,09,#N/A,27.58,1
MVTGDNVNTAR,Sodium/potassium-transporting ATPase subunit alpha-4  cds.comp141683_c0_seq1|m.39192,10,#N/A,27.85,1
MVTGDNVNTAR,Sodium/potassium-transporting ATPase subunit alpha-4  cds.comp141683_c0_seq1|m.39192,11,#N/A,27.67,1
MVTGDNVNTAR,Sodium/potassium-transporting ATPase subunit alpha-4  cds.comp141683_c0_seq1|m.39192,12,#N/A,27.81,1
MVTGDNVNTAR,Sodium/potassium-transporting ATPase subunit alpha-4  cds.comp141683_c0_seq1|m.39192,13,#N/A,27.81,1
MVTGDNVNTAR,Sodium/potassium-transporting ATPase subunit alpha-4  cds.comp141683_c0_seq1|m.39192,14,#N/A,27.72,0.67
MVTGDNVNTAR,Sodium/potassium-transporting ATPase subunit alpha-4  cds.comp141683_c0_seq1|m.39192,15,#N/A,27.81,1
MVTGDNVNTAR,Sodium/potassium-transporting ATPase subunit alpha-4  cds.comp141683_c0_seq1|m.39192,17,#N/A,27.74,1
MVTGDNVNTAR,Sodium/potassium-transporting ATPase subunit alpha-4  cds.comp141683_c0_seq1|m.39192,18,#N/A,27.7,1
MVTGDNVNTAR,Sodium/potassium-transporting ATPase subunit alpha-4  cds.comp141683_c0_seq1|m.39192,19,#N/A,27.95,1
MVTGDNVNTAR,Sodium/potassium-transporting ATPase subunit alpha-4  cds.comp141683_c0_seq1|m.39192,20,#N/A,27.71,1
LLDQVWPDLR,Sodium/potassium-transporting ATPase subunit alpha-4  cds.comp141683_c0_seq1|m.39192,01,#N/A,81.35,1
LLDQVWPDLR,Sodium/potassium-transporting ATPase subunit alpha-4  cds.comp141683_c0_seq1|m.39192,03,#N/A,80.75,1
LLDQVWPDLR,Sodium/potassium-transporting ATPase subunit alpha-4  cds.comp141683_c0_seq1|m.39192,04,#N/A,80.71,1
LLDQVWPDLR,Sodium/potassium-transporting ATPase subunit alpha-4  cds.comp141683_c0_seq1|m.39192,05,#N/A,80.43,1
LLDQVWPDLR,Sodium/potassium-transporting ATPase subunit alpha-4  cds.comp141683_c0_seq1|m.39192,06,#N/A,80.6,1
LLDQVWPDLR,Sodium/potassium-transporting ATPase subunit alpha-4  cds.comp141683_c0_seq1|m.39192,07_170124190430,#N/A,80.36,1
LLDQVWPDLR,Sodium/potassium-transporting ATPase subunit alpha-4  cds.comp141683_c0_seq1|m.39192,08,#N/A,80.36,1
LLDQVWPDLR,Sodium/potassium-transporting ATPase subunit alpha-4  cds.comp141683_c0_seq1|m.39192,09,#N/A,80.28,1
LLDQVWPDLR,Sodium/potassium-transporting ATPase subunit alpha-4  cds.comp141683_c0_seq1|m.39192,10,#N/A,80.36,1
LLDQVWPDLR,Sodium/potassium-transporting ATPase subunit alpha-4  cds.comp141683_c0_seq1|m.39192,11,#N/A,80.27,1
LLDQVWPDLR,Sodium/potassium-transporting ATPase subunit alpha-4  cds.comp141683_c0_seq1|m.39192,12,#N/A,80.42,1
LLDQVWPDLR,Sodium/potassium-transporting ATPase subunit alpha-4  cds.comp141683_c0_seq1|m.39192,13,#N/A,80.12,1
LLDQVWPDLR,Sodium/potassium-transporting ATPase subunit alpha-4  cds.comp141683_c0_seq1|m.39192,14,#N/A,80.34,0.67
LLDQVWPDLR,Sodium/potassium-transporting ATPase subunit alpha-4  cds.comp141683_c0_seq1|m.39192,15,#N/A,80.27,1
LLDQVWPDLR,Sodium/potassium-transporting ATPase subunit alpha-4  cds.comp141683_c0_seq1|m.39192,17,#N/A,80.02,1
LLDQVWPDLR,Sodium/potassium-transporting ATPase subunit alpha-4  cds.comp141683_c0_seq1|m.39192,18,#N/A,80.24,1
LLDQVWPDLR,Sodium/potassium-transporting ATPase subunit alpha-4  cds.comp141683_c0_seq1|m.39192,19,#N/A,80.25,1
LLDQVWPDLR,Sodium/potassium-transporting ATPase subunit alpha-4  cds.comp141683_c0_seq1|m.39192,20,#N/A,80.07,1
LNSGSVGVYR,Puromycin-sensitive aminopeptidase cds.comp142726_c0_seq1|m.43039,01,#N/A,38.92,1
LNSGSVGVYR,Puromycin-sensitive aminopeptidase cds.comp142726_c0_seq1|m.43039,03,#N/A,38.38,1
LNSGSVGVYR,Puromycin-sensitive aminopeptidase cds.comp142726_c0_seq1|m.43039,04,#N/A,38.39,1
LNSGSVGVYR,Puromycin-sensitive aminopeptidase cds.comp142726_c0_seq1|m.43039,05,#N/A,38.33,1
LNSGSVGVYR,Puromycin-sensitive aminopeptidase cds.comp142726_c0_seq1|m.43039,06,#N/A,38.38,1
LNSGSVGVYR,Puromycin-sensitive aminopeptidase cds.comp142726_c0_seq1|m.43039,07_170124190430,#N/A,38.06,1
LNSGSVGVYR,Puromycin-sensitive aminopeptidase cds.comp142726_c0_seq1|m.43039,08,#N/A,38.13,1
LNSGSVGVYR,Puromycin-sensitive aminopeptidase cds.comp142726_c0_seq1|m.43039,09,#N/A,37.9,1
LNSGSVGVYR,Puromycin-sensitive aminopeptidase cds.comp142726_c0_seq1|m.43039,10,#N/A,38.24,1
LNSGSVGVYR,Puromycin-sensitive aminopeptidase cds.comp142726_c0_seq1|m.43039,11,#N/A,37.91,1
LNSGSVGVYR,Puromycin-sensitive aminopeptidase cds.comp142726_c0_seq1|m.43039,12,#N/A,38.04,1
LNSGSVGVYR,Puromycin-sensitive aminopeptidase cds.comp142726_c0_seq1|m.43039,13,#N/A,38.08,1
LNSGSVGVYR,Puromycin-sensitive aminopeptidase cds.comp142726_c0_seq1|m.43039,14,#N/A,38.05,1
LNSGSVGVYR,Puromycin-sensitive aminopeptidase cds.comp142726_c0_seq1|m.43039,15,#N/A,38.05,1
LNSGSVGVYR,Puromycin-sensitive aminopeptidase cds.comp142726_c0_seq1|m.43039,17,#N/A,38.04,1
LNSGSVGVYR,Puromycin-sensitive aminopeptidase cds.comp142726_c0_seq1|m.43039,18,#N/A,37.97,1
LNSGSVGVYR,Puromycin-sensitive aminopeptidase cds.comp142726_c0_seq1|m.43039,19,#N/A,38.15,1
LNSGSVGVYR,Puromycin-sensitive aminopeptidase cds.comp142726_c0_seq1|m.43039,20,#N/A,37.94,1
SLTENFVTEEQAK,Puromycin-sensitive aminopeptidase cds.comp142726_c0_seq1|m.43039,01,#N/A,55.87,1
SLTENFVTEEQAK,Puromycin-sensitive aminopeptidase cds.comp142726_c0_seq1|m.43039,03,#N/A,55.33,1
SLTENFVTEEQAK,Puromycin-sensitive aminopeptidase cds.comp142726_c0_seq1|m.43039,04,#N/A,55.34,1
SLTENFVTEEQAK,Puromycin-sensitive aminopeptidase cds.comp142726_c0_seq1|m.43039,05,#N/A,55.19,1
SLTENFVTEEQAK,Puromycin-sensitive aminopeptidase cds.comp142726_c0_seq1|m.43039,06,#N/A,55.15,1
SLTENFVTEEQAK,Puromycin-sensitive aminopeptidase cds.comp142726_c0_seq1|m.43039,07_170124190430,#N/A,54.97,1
SLTENFVTEEQAK,Puromycin-sensitive aminopeptidase cds.comp142726_c0_seq1|m.43039,08,#N/A,55.04,1
SLTENFVTEEQAK,Puromycin-sensitive aminopeptidase cds.comp142726_c0_seq1|m.43039,09,#N/A,54.89,1
SLTENFVTEEQAK,Puromycin-sensitive aminopeptidase cds.comp142726_c0_seq1|m.43039,10,#N/A,55.02,1
SLTENFVTEEQAK,Puromycin-sensitive aminopeptidase cds.comp142726_c0_seq1|m.43039,11,#N/A,54.87,1
SLTENFVTEEQAK,Puromycin-sensitive aminopeptidase cds.comp142726_c0_seq1|m.43039,12,#N/A,54.96,1
SLTENFVTEEQAK,Puromycin-sensitive aminopeptidase cds.comp142726_c0_seq1|m.43039,13,#N/A,54.9,1
SLTENFVTEEQAK,Puromycin-sensitive aminopeptidase cds.comp142726_c0_seq1|m.43039,14,#N/A,54.96,1
SLTENFVTEEQAK,Puromycin-sensitive aminopeptidase cds.comp142726_c0_seq1|m.43039,15,#N/A,54.97,1
SLTENFVTEEQAK,Puromycin-sensitive aminopeptidase cds.comp142726_c0_seq1|m.43039,17,#N/A,54.91,1
SLTENFVTEEQAK,Puromycin-sensitive aminopeptidase cds.comp142726_c0_seq1|m.43039,18,#N/A,54.93,1
SLTENFVTEEQAK,Puromycin-sensitive aminopeptidase cds.comp142726_c0_seq1|m.43039,19,#N/A,54.97,1
SLTENFVTEEQAK,Puromycin-sensitive aminopeptidase cds.comp142726_c0_seq1|m.43039,20,#N/A,54.87,1
SIQQSVENIR,Puromycin-sensitive aminopeptidase cds.comp142726_c0_seq1|m.43039,01,#N/A,49.07,1
SIQQSVENIR,Puromycin-sensitive aminopeptidase cds.comp142726_c0_seq1|m.43039,03,#N/A,48.56,1
SIQQSVENIR,Puromycin-sensitive aminopeptidase cds.comp142726_c0_seq1|m.43039,04,#N/A,48.61,1
SIQQSVENIR,Puromycin-sensitive aminopeptidase cds.comp142726_c0_seq1|m.43039,05,#N/A,48.49,1
SIQQSVENIR,Puromycin-sensitive aminopeptidase cds.comp142726_c0_seq1|m.43039,06,#N/A,48.46,1
SIQQSVENIR,Puromycin-sensitive aminopeptidase cds.comp142726_c0_seq1|m.43039,07_170124190430,#N/A,48.15,1
SIQQSVENIR,Puromycin-sensitive aminopeptidase cds.comp142726_c0_seq1|m.43039,08,#N/A,48.27,1
SIQQSVENIR,Puromycin-sensitive aminopeptidase cds.comp142726_c0_seq1|m.43039,09,#N/A,48.05,1
SIQQSVENIR,Puromycin-sensitive aminopeptidase cds.comp142726_c0_seq1|m.43039,10,#N/A,48.36,1
SIQQSVENIR,Puromycin-sensitive aminopeptidase cds.comp142726_c0_seq1|m.43039,11,#N/A,48.07,1
SIQQSVENIR,Puromycin-sensitive aminopeptidase cds.comp142726_c0_seq1|m.43039,12,#N/A,48.2,1
SIQQSVENIR,Puromycin-sensitive aminopeptidase cds.comp142726_c0_seq1|m.43039,13,#N/A,48.09,1
SIQQSVENIR,Puromycin-sensitive aminopeptidase cds.comp142726_c0_seq1|m.43039,14,#N/A,48.2,1
SIQQSVENIR,Puromycin-sensitive aminopeptidase cds.comp142726_c0_seq1|m.43039,15,#N/A,48.22,1
SIQQSVENIR,Puromycin-sensitive aminopeptidase cds.comp142726_c0_seq1|m.43039,17,#N/A,48.25,1
SIQQSVENIR,Puromycin-sensitive aminopeptidase cds.comp142726_c0_seq1|m.43039,18,#N/A,48.21,1
SIQQSVENIR,Puromycin-sensitive aminopeptidase cds.comp142726_c0_seq1|m.43039,19,#N/A,48.28,1
SIQQSVENIR,Puromycin-sensitive aminopeptidase cds.comp142726_c0_seq1|m.43039,20,#N/A,48.13,1
NNKPSDYQGGR,Protein disulfide-isomerase (PDI) cds.comp135363_c0_seq1|m.24227,01,#N/A,16.77,1
NNKPSDYQGGR,Protein disulfide-isomerase (PDI) cds.comp135363_c0_seq1|m.24227,03,#N/A,16.53,1
NNKPSDYQGGR,Protein disulfide-isomerase (PDI) cds.comp135363_c0_seq1|m.24227,04,#N/A,16.76,1
NNKPSDYQGGR,Protein disulfide-isomerase (PDI) cds.comp135363_c0_seq1|m.24227,05,#N/A,16.36,1
NNKPSDYQGGR,Protein disulfide-isomerase (PDI) cds.comp135363_c0_seq1|m.24227,06,#N/A,16.13,1
NNKPSDYQGGR,Protein disulfide-isomerase (PDI) cds.comp135363_c0_seq1|m.24227,07_170124190430,#N/A,16.1,1
NNKPSDYQGGR,Protein disulfide-isomerase (PDI) cds.comp135363_c0_seq1|m.24227,08,#N/A,16.03,1
NNKPSDYQGGR,Protein disulfide-isomerase (PDI) cds.comp135363_c0_seq1|m.24227,09,#N/A,16.06,1
NNKPSDYQGGR,Protein disulfide-isomerase (PDI) cds.comp135363_c0_seq1|m.24227,10,#N/A,16.13,1
NNKPSDYQGGR,Protein disulfide-isomerase (PDI) cds.comp135363_c0_seq1|m.24227,11,#N/A,16.1,1
NNKPSDYQGGR,Protein disulfide-isomerase (PDI) cds.comp135363_c0_seq1|m.24227,12,#N/A,16.2,1
NNKPSDYQGGR,Protein disulfide-isomerase (PDI) cds.comp135363_c0_seq1|m.24227,13,#N/A,16.17,1
NNKPSDYQGGR,Protein disulfide-isomerase (PDI) cds.comp135363_c0_seq1|m.24227,14,#N/A,16.18,1
NNKPSDYQGGR,Protein disulfide-isomerase (PDI) cds.comp135363_c0_seq1|m.24227,15,#N/A,16.45,1
NNKPSDYQGGR,Protein disulfide-isomerase (PDI) cds.comp135363_c0_seq1|m.24227,17,#N/A,16.11,1
NNKPSDYQGGR,Protein disulfide-isomerase (PDI) cds.comp135363_c0_seq1|m.24227,18,#N/A,16.15,1
NNKPSDYQGGR,Protein disulfide-isomerase (PDI) cds.comp135363_c0_seq1|m.24227,19,#N/A,16.27,1
NNKPSDYQGGR,Protein disulfide-isomerase (PDI) cds.comp135363_c0_seq1|m.24227,20,#N/A,16.13,1
DNVVVIGFFK,Protein disulfide-isomerase (PDI) cds.comp135363_c0_seq1|m.24227,01,#N/A,85,1
DNVVVIGFFK,Protein disulfide-isomerase (PDI) cds.comp135363_c0_seq1|m.24227,03,#N/A,84.43,1
DNVVVIGFFK,Protein disulfide-isomerase (PDI) cds.comp135363_c0_seq1|m.24227,04,#N/A,84.43,1
DNVVVIGFFK,Protein disulfide-isomerase (PDI) cds.comp135363_c0_seq1|m.24227,05,#N/A,84.2,1
DNVVVIGFFK,Protein disulfide-isomerase (PDI) cds.comp135363_c0_seq1|m.24227,06,#N/A,84.3,1
DNVVVIGFFK,Protein disulfide-isomerase (PDI) cds.comp135363_c0_seq1|m.24227,07_170124190430,#N/A,84.16,1
DNVVVIGFFK,Protein disulfide-isomerase (PDI) cds.comp135363_c0_seq1|m.24227,08,#N/A,83.99,1
DNVVVIGFFK,Protein disulfide-isomerase (PDI) cds.comp135363_c0_seq1|m.24227,09,#N/A,83.94,1
DNVVVIGFFK,Protein disulfide-isomerase (PDI) cds.comp135363_c0_seq1|m.24227,10,#N/A,84.08,1
DNVVVIGFFK,Protein disulfide-isomerase (PDI) cds.comp135363_c0_seq1|m.24227,11,#N/A,83.95,1
DNVVVIGFFK,Protein disulfide-isomerase (PDI) cds.comp135363_c0_seq1|m.24227,12,#N/A,84.04,1
DNVVVIGFFK,Protein disulfide-isomerase (PDI) cds.comp135363_c0_seq1|m.24227,13,#N/A,83.81,1
DNVVVIGFFK,Protein disulfide-isomerase (PDI) cds.comp135363_c0_seq1|m.24227,14,#N/A,83.96,1
DNVVVIGFFK,Protein disulfide-isomerase (PDI) cds.comp135363_c0_seq1|m.24227,15,#N/A,83.92,1
DNVVVIGFFK,Protein disulfide-isomerase (PDI) cds.comp135363_c0_seq1|m.24227,17,#N/A,83.84,1
DNVVVIGFFK,Protein disulfide-isomerase (PDI) cds.comp135363_c0_seq1|m.24227,18,#N/A,83.9,1
DNVVVIGFFK,Protein disulfide-isomerase (PDI) cds.comp135363_c0_seq1|m.24227,19,#N/A,83.96,1
DNVVVIGFFK,Protein disulfide-isomerase (PDI) cds.comp135363_c0_seq1|m.24227,20,#N/A,83.86,1
MDSTANEVEDVK,Protein disulfide-isomerase (PDI) cds.comp135363_c0_seq1|m.24227,01,#N/A,38.03,1
MDSTANEVEDVK,Protein disulfide-isomerase (PDI) cds.comp135363_c0_seq1|m.24227,03,#N/A,37.49,1
MDSTANEVEDVK,Protein disulfide-isomerase (PDI) cds.comp135363_c0_seq1|m.24227,04,#N/A,37.44,1
MDSTANEVEDVK,Protein disulfide-isomerase (PDI) cds.comp135363_c0_seq1|m.24227,05,#N/A,37.44,1
MDSTANEVEDVK,Protein disulfide-isomerase (PDI) cds.comp135363_c0_seq1|m.24227,06,#N/A,37.51,1
MDSTANEVEDVK,Protein disulfide-isomerase (PDI) cds.comp135363_c0_seq1|m.24227,07_170124190430,#N/A,37.25,1
MDSTANEVEDVK,Protein disulfide-isomerase (PDI) cds.comp135363_c0_seq1|m.24227,08,#N/A,37.3,1
MDSTANEVEDVK,Protein disulfide-isomerase (PDI) cds.comp135363_c0_seq1|m.24227,09,#N/A,37.07,1
MDSTANEVEDVK,Protein disulfide-isomerase (PDI) cds.comp135363_c0_seq1|m.24227,10,#N/A,37.35,1
MDSTANEVEDVK,Protein disulfide-isomerase (PDI) cds.comp135363_c0_seq1|m.24227,11,#N/A,37.11,1
MDSTANEVEDVK,Protein disulfide-isomerase (PDI) cds.comp135363_c0_seq1|m.24227,12,#N/A,37.25,1
MDSTANEVEDVK,Protein disulfide-isomerase (PDI) cds.comp135363_c0_seq1|m.24227,13,#N/A,37.29,1
MDSTANEVEDVK,Protein disulfide-isomerase (PDI) cds.comp135363_c0_seq1|m.24227,14,#N/A,37.18,1
MDSTANEVEDVK,Protein disulfide-isomerase (PDI) cds.comp135363_c0_seq1|m.24227,15,#N/A,37.3,1
MDSTANEVEDVK,Protein disulfide-isomerase (PDI) cds.comp135363_c0_seq1|m.24227,17,#N/A,37.29,1
MDSTANEVEDVK,Protein disulfide-isomerase (PDI) cds.comp135363_c0_seq1|m.24227,18,#N/A,37.21,1
MDSTANEVEDVK,Protein disulfide-isomerase (PDI) cds.comp135363_c0_seq1|m.24227,19,#N/A,37.33,1
MDSTANEVEDVK,Protein disulfide-isomerase (PDI) cds.comp135363_c0_seq1|m.24227,20,#N/A,37.19,1
APGLPAQIK,Arachidonate 5-lipoxygenase cds.comp135856_c0_seq2|m.25326,01,#N/A,45.17,1
APGLPAQIK,Arachidonate 5-lipoxygenase cds.comp135856_c0_seq2|m.25326,03,#N/A,44.5,1
APGLPAQIK,Arachidonate 5-lipoxygenase cds.comp135856_c0_seq2|m.25326,04,#N/A,44.61,1
APGLPAQIK,Arachidonate 5-lipoxygenase cds.comp135856_c0_seq2|m.25326,05,#N/A,44.51,1
APGLPAQIK,Arachidonate 5-lipoxygenase cds.comp135856_c0_seq2|m.25326,06,#N/A,44.59,1
APGLPAQIK,Arachidonate 5-lipoxygenase cds.comp135856_c0_seq2|m.25326,07_170124190430,#N/A,44.24,1
APGLPAQIK,Arachidonate 5-lipoxygenase cds.comp135856_c0_seq2|m.25326,08,#N/A,44.29,1
APGLPAQIK,Arachidonate 5-lipoxygenase cds.comp135856_c0_seq2|m.25326,09,#N/A,44.01,1
APGLPAQIK,Arachidonate 5-lipoxygenase cds.comp135856_c0_seq2|m.25326,10,#N/A,44.3,1
APGLPAQIK,Arachidonate 5-lipoxygenase cds.comp135856_c0_seq2|m.25326,11,#N/A,44.03,1
APGLPAQIK,Arachidonate 5-lipoxygenase cds.comp135856_c0_seq2|m.25326,12,#N/A,44.22,1
APGLPAQIK,Arachidonate 5-lipoxygenase cds.comp135856_c0_seq2|m.25326,13,#N/A,44.11,1
APGLPAQIK,Arachidonate 5-lipoxygenase cds.comp135856_c0_seq2|m.25326,14,#N/A,44.18,1
APGLPAQIK,Arachidonate 5-lipoxygenase cds.comp135856_c0_seq2|m.25326,15,#N/A,44.2,1
APGLPAQIK,Arachidonate 5-lipoxygenase cds.comp135856_c0_seq2|m.25326,17,#N/A,44.2,1
APGLPAQIK,Arachidonate 5-lipoxygenase cds.comp135856_c0_seq2|m.25326,18,#N/A,44.15,1
APGLPAQIK,Arachidonate 5-lipoxygenase cds.comp135856_c0_seq2|m.25326,19,#N/A,44.21,1
APGLPAQIK,Arachidonate 5-lipoxygenase cds.comp135856_c0_seq2|m.25326,20,#N/A,44.07,1
MDVEGTLPEDLK,Arachidonate 5-lipoxygenase cds.comp135856_c0_seq2|m.25326,01,#N/A,62.91,1
MDVEGTLPEDLK,Arachidonate 5-lipoxygenase cds.comp135856_c0_seq2|m.25326,03,#N/A,62.46,1
MDVEGTLPEDLK,Arachidonate 5-lipoxygenase cds.comp135856_c0_seq2|m.25326,04,#N/A,62.38,1
MDVEGTLPEDLK,Arachidonate 5-lipoxygenase cds.comp135856_c0_seq2|m.25326,05,#N/A,62.21,1
MDVEGTLPEDLK,Arachidonate 5-lipoxygenase cds.comp135856_c0_seq2|m.25326,06,#N/A,62.3,1
MDVEGTLPEDLK,Arachidonate 5-lipoxygenase cds.comp135856_c0_seq2|m.25326,07_170124190430,#N/A,62.1,1
MDVEGTLPEDLK,Arachidonate 5-lipoxygenase cds.comp135856_c0_seq2|m.25326,08,#N/A,62.14,1
MDVEGTLPEDLK,Arachidonate 5-lipoxygenase cds.comp135856_c0_seq2|m.25326,09,#N/A,61.96,1
MDVEGTLPEDLK,Arachidonate 5-lipoxygenase cds.comp135856_c0_seq2|m.25326,10,#N/A,62.13,1
MDVEGTLPEDLK,Arachidonate 5-lipoxygenase cds.comp135856_c0_seq2|m.25326,11,#N/A,61.97,1
MDVEGTLPEDLK,Arachidonate 5-lipoxygenase cds.comp135856_c0_seq2|m.25326,12,#N/A,62.07,1
MDVEGTLPEDLK,Arachidonate 5-lipoxygenase cds.comp135856_c0_seq2|m.25326,13,#N/A,61.98,1
MDVEGTLPEDLK,Arachidonate 5-lipoxygenase cds.comp135856_c0_seq2|m.25326,14,#N/A,62.04,1
MDVEGTLPEDLK,Arachidonate 5-lipoxygenase cds.comp135856_c0_seq2|m.25326,15,#N/A,62.01,1
MDVEGTLPEDLK,Arachidonate 5-lipoxygenase cds.comp135856_c0_seq2|m.25326,17,#N/A,61.96,1
MDVEGTLPEDLK,Arachidonate 5-lipoxygenase cds.comp135856_c0_seq2|m.25326,18,#N/A,61.98,1
MDVEGTLPEDLK,Arachidonate 5-lipoxygenase cds.comp135856_c0_seq2|m.25326,19,#N/A,62.09,1
MDVEGTLPEDLK,Arachidonate 5-lipoxygenase cds.comp135856_c0_seq2|m.25326,20,#N/A,61.97,1
GLGLGGVPGQNGK,Arachidonate 5-lipoxygenase cds.comp135856_c0_seq2|m.25326,01,#N/A,48.6,1
GLGLGGVPGQNGK,Arachidonate 5-lipoxygenase cds.comp135856_c0_seq2|m.25326,03,#N/A,47.98,1
GLGLGGVPGQNGK,Arachidonate 5-lipoxygenase cds.comp135856_c0_seq2|m.25326,04,#N/A,48,1
GLGLGGVPGQNGK,Arachidonate 5-lipoxygenase cds.comp135856_c0_seq2|m.25326,05,#N/A,47.87,1
GLGLGGVPGQNGK,Arachidonate 5-lipoxygenase cds.comp135856_c0_seq2|m.25326,06,#N/A,47.95,1
GLGLGGVPGQNGK,Arachidonate 5-lipoxygenase cds.comp135856_c0_seq2|m.25326,07_170124190430,#N/A,47.67,1
GLGLGGVPGQNGK,Arachidonate 5-lipoxygenase cds.comp135856_c0_seq2|m.25326,08,#N/A,47.72,1
GLGLGGVPGQNGK,Arachidonate 5-lipoxygenase cds.comp135856_c0_seq2|m.25326,09,#N/A,47.5,1
GLGLGGVPGQNGK,Arachidonate 5-lipoxygenase cds.comp135856_c0_seq2|m.25326,10,#N/A,47.73,1
GLGLGGVPGQNGK,Arachidonate 5-lipoxygenase cds.comp135856_c0_seq2|m.25326,11,#N/A,47.53,1
GLGLGGVPGQNGK,Arachidonate 5-lipoxygenase cds.comp135856_c0_seq2|m.25326,12,#N/A,47.61,1
GLGLGGVPGQNGK,Arachidonate 5-lipoxygenase cds.comp135856_c0_seq2|m.25326,13,#N/A,47.56,1
GLGLGGVPGQNGK,Arachidonate 5-lipoxygenase cds.comp135856_c0_seq2|m.25326,14,#N/A,47.64,1
GLGLGGVPGQNGK,Arachidonate 5-lipoxygenase cds.comp135856_c0_seq2|m.25326,15,#N/A,47.63,1
GLGLGGVPGQNGK,Arachidonate 5-lipoxygenase cds.comp135856_c0_seq2|m.25326,17,#N/A,47.63,1
GLGLGGVPGQNGK,Arachidonate 5-lipoxygenase cds.comp135856_c0_seq2|m.25326,18,#N/A,47.62,1
GLGLGGVPGQNGK,Arachidonate 5-lipoxygenase cds.comp135856_c0_seq2|m.25326,19,#N/A,47.69,1
GLGLGGVPGQNGK,Arachidonate 5-lipoxygenase cds.comp135856_c0_seq2|m.25326,20,#N/A,47.6,1
TASEFDSAIAQDK,P00000,01,#N/A,48.56,1
TASEFDSAIAQDK,P00000,03,#N/A,48.09,1
TASEFDSAIAQDK,P00000,04,#N/A,48.1,0.91
TASEFDSAIAQDK,P00000,05,#N/A,47.98,0.91
TASEFDSAIAQDK,P00000,06,#N/A,47.95,0.91
TASEFDSAIAQDK,P00000,07_170124190430,#N/A,47.72,0.82
TASEFDSAIAQDK,P00000,08,#N/A,47.8,0.82
TASEFDSAIAQDK,P00000,09,#N/A,47.58,0.91
TASEFDSAIAQDK,P00000,10,#N/A,47.86,0.82
TASEFDSAIAQDK,P00000,11,#N/A,47.61,0.73
TASEFDSAIAQDK,P00000,12,#N/A,47.73,0.82
TASEFDSAIAQDK,P00000,13,#N/A,47.66,0.91
TASEFDSAIAQDK,P00000,14,#N/A,47.67,0.82
TASEFDSAIAQDK,P00000,15,#N/A,47.75,0.64
TASEFDSAIAQDK,P00000,17,#N/A,47.82,0.73
TASEFDSAIAQDK,P00000,18,#N/A,47.74,0.91
TASEFDSAIAQDK,P00000,19,#N/A,47.79,0.82
TASEFDSAIAQDK,P00000,20,#N/A,47.67,0.73
NGFILDGFPR,P00000,01,#N/A,81.41,0.88
NGFILDGFPR,P00000,03,#N/A,80.86,0.88
NGFILDGFPR,P00000,04,#N/A,80.74,0.88
NGFILDGFPR,P00000,05,#N/A,80.46,0.88
NGFILDGFPR,P00000,06,#N/A,80.63,0.88
NGFILDGFPR,P00000,07_170124190430,#N/A,80.48,0.88
NGFILDGFPR,P00000,08,#N/A,80.39,0.88
NGFILDGFPR,P00000,09,#N/A,80.24,0.88
NGFILDGFPR,P00000,10,#N/A,80.39,0.88
NGFILDGFPR,P00000,11,#N/A,80.26,0.88
NGFILDGFPR,P00000,12,#N/A,80.34,0.88
NGFILDGFPR,P00000,13,#N/A,80.15,0.88
NGFILDGFPR,P00000,14,#N/A,80.19,0.88
NGFILDGFPR,P00000,15,#N/A,80.27,0.88
NGFILDGFPR,P00000,17,#N/A,80.2,0.88
NGFILDGFPR,P00000,18,#N/A,80.23,0.88
NGFILDGFPR,P00000,19,#N/A,80.21,0.88
NGFILDGFPR,P00000,20,#N/A,79.99,0.88
