"","protein.Protein.Name","protein.Peptide.Sequence","protein.Fragment.Ion"
"2","Heat shock protein HSP 90-alpha","GVVDSEDLPLNISR","y11"
"3","Heat shock protein HSP 90-alpha","GVVDSEDLPLNISR","y7"
"4","Heat shock protein HSP 90-alpha","GVVDSEDLPLNISR","y6"
"5","Heat shock protein HSP 90-alpha","EVVQSSAFVER","y8"
"6","Heat shock protein HSP 90-alpha","EVVQSSAFVER","y7"
"7","Heat shock protein HSP 90-alpha","EVVQSSAFVER","y6"
"8","Heat shock protein HSP 90-alpha","DSSTMGYMAAK","y8"
"9","Heat shock protein HSP 90-alpha","DSSTMGYMAAK","y7"
"10","Heat shock protein HSP 90-alpha","DSSTMGYMAAK","y6"
"11","Heat shock 70 kDa protein","TTPSYVAFNDTER","y8"
"12","Heat shock 70 kDa protein","TTPSYVAFNDTER","y7"
"13","Heat shock 70 kDa protein","TTPSYVAFNDTER","y6"
"14","Heat shock 70 kDa protein","NAVVTVPAYFNDAQR","y12"
"15","Heat shock 70 kDa protein","NAVVTVPAYFNDAQR","y11"
"16","Heat shock 70 kDa protein","NAVVTVPAYFNDAQR","y9"
"17","Heat shock 70 kDa protein","IINEPTAAALAYGLDK","y12"
"18","Heat shock 70 kDa protein","IINEPTAAALAYGLDK","y9"
"19","Heat shock 70 kDa protein","IINEPTAAALAYGLDK","y6"
"20","Superoxide dismutase","THGAPTDEER","y7"
"21","Superoxide dismutase","THGAPTDEER","y6"
"22","Superoxide dismutase","THGAPTDEER","y3"
"23","Superoxide dismutase","ISLTGPHSIIGR","y9"
"24","Superoxide dismutase","ISLTGPHSIIGR","y8"
"25","Superoxide dismutase","ISLTGPHSIIGR","y7"
"26","Superoxide dismutase","TIVVHADVDDLGK","y9"
"27","Superoxide dismutase","TIVVHADVDDLGK","y8"
"28","Glycogen phosphorylase, muscle form","APNSFNLR","y5"
"29","Glycogen phosphorylase, muscle form","APNSFNLR","y4"
"30","Glycogen phosphorylase, muscle form","APNSFNLR","y3"
"31","Glycogen phosphorylase, muscle form","VLYPNDNFFEGK","y9"
"32","Glycogen phosphorylase, muscle form","VLYPNDNFFEGK","y8"
"33","Glycogen phosphorylase, muscle form","VLYPNDNFFEGK","y4"
"34","Glycogen phosphorylase, muscle form","TSFDAFPDK","y6"
"35","Glycogen phosphorylase, muscle form","TSFDAFPDK","y5"
"36","Glycogen phosphorylase, muscle form","TSFDAFPDK","y3"
"37","Cytochrome P450","IITRPFNVNGLLAYDSR","y6"
"38","Cytochrome P450","IITRPFNVNGLLAYDSR","y5"
"39","Cytochrome P450","IITRPFNVNGLLAYDSR","y4"
"40","Cytochrome P450","WLDESGVFLPEEHPSR","y9"
"41","Cytochrome P450","WLDESGVFLPEEHPSR","y7"
"42","Cytochrome P450","WLDESGVFLPEEHPSR","y4"
"43","Cytochrome P450","QSLLPFGATGPR","y8"
"44","Cytochrome P450","QSLLPFGATGPR","y7"
"45","Cytochrome P450","QSLLPFGATGPR","y6"
"46","Catalase","AGELGGSDPDYAMR","y10"
"47","Catalase","AGELGGSDPDYAMR","y6"
"48","Catalase","AGELGGSDPDYAMR","y4"
"49","Catalase","LYSYSDTHR","y6"
"50","Catalase","LYSYSDTHR","y5"
"51","Catalase","LYSYSDTHR","y3"
"52","Catalase","LTANIAGHLIGAQEFIQK","y9"
"53","Catalase","LTANIAGHLIGAQEFIQK","y8"
"54","Catalase","LTANIAGHLIGAQEFIQK","y3"
"55","Peroxiredoxin-1","ALFIIDDK","y5"
"56","Peroxiredoxin-1","ALFIIDDK","y4"
"57","Peroxiredoxin-1","ALFIIDDK","y3"
"58","Peroxiredoxin-1","QITMNDLPVGR","y7"
"59","Peroxiredoxin-1","QITMNDLPVGR","y5"
"60","Peroxiredoxin-1","QITMNDLPVGR","y4"
"61","Peroxiredoxin-1","LVQAFQFTDK","y7"
"62","Peroxiredoxin-1","LVQAFQFTDK","y6"
"63","Peroxiredoxin-1","LVQAFQFTDK","y4"
"64","Trifunctional enzyme subunit beta, mitochondrial ","AAQDNGLLTDVLAYK","y8"
"65","Trifunctional enzyme subunit beta, mitochondrial ","AAQDNGLLTDVLAYK","y7"
"66","Trifunctional enzyme subunit beta, mitochondrial ","AAQDNGLLTDVLAYK","y3"
"67","Trifunctional enzyme subunit beta, mitochondrial ","ALELGLKPK","y6"
"68","Trifunctional enzyme subunit beta, mitochondrial ","ALELGLKPK","y5"
"69","Trifunctional enzyme subunit beta, mitochondrial ","ALELGLKPK","y3"
"70","Trifunctional enzyme subunit beta, mitochondrial ","FNLWGGSLSLGHPFGATGVR","y12"
"71","Trifunctional enzyme subunit beta, mitochondrial ","FNLWGGSLSLGHPFGATGVR","y10"
"72","Trifunctional enzyme subunit beta, mitochondrial ","FNLWGGSLSLGHPFGATGVR","y8"
"73","Ras-related protein Rab-11B","VVLVGDSGVGK","y7"
"74","Ras-related protein Rab-11B","VVLVGDSGVGK","y5"
"75","Ras-related protein Rab-11B","STIGVEFATR","y7"
"76","Ras-related protein Rab-11B","STIGVEFATR","y5"
"77","Ras-related protein Rab-11B","STIGVEFATR","y4"
"78","Ras-related protein Rab-11B","AQLWDTAGQER","y8"
"79","Ras-related protein Rab-11B","AQLWDTAGQER","y7"
"80","Ras-related protein Rab-11B","AQLWDTAGQER","y6"
"81","Sodium/potassium-transporting ATPase subunit alpha-4 ","TVIEPMAGDGLR","y9"
"82","Sodium/potassium-transporting ATPase subunit alpha-4 ","TVIEPMAGDGLR","y8"
"83","Sodium/potassium-transporting ATPase subunit alpha-4 ","TVIEPMAGDGLR","y6"
"84","Sodium/potassium-transporting ATPase subunit alpha-4 ","MVTGDNVNTAR","y8"
"85","Sodium/potassium-transporting ATPase subunit alpha-4 ","MVTGDNVNTAR","y6"
"86","Sodium/potassium-transporting ATPase subunit alpha-4 ","MVTGDNVNTAR","y4"
"87","Sodium/potassium-transporting ATPase subunit alpha-4 ","LLDQVWPDLR","y6"
"88","Sodium/potassium-transporting ATPase subunit alpha-4 ","LLDQVWPDLR","y5"
"89","Sodium/potassium-transporting ATPase subunit alpha-4 ","LLDQVWPDLR","y4"
"90","Puromycin-sensitive aminopeptidase","LNSGSVGVYR","y7"
"91","Puromycin-sensitive aminopeptidase","LNSGSVGVYR","y5"
"92","Puromycin-sensitive aminopeptidase","LNSGSVGVYR","y4"
"93","Puromycin-sensitive aminopeptidase","SLTENFVTEEQAK","y7"
"94","Puromycin-sensitive aminopeptidase","SLTENFVTEEQAK","y6"
"95","Puromycin-sensitive aminopeptidase","SLTENFVTEEQAK","y4"
"96","Puromycin-sensitive aminopeptidase","SIQQSVENIR","y7"
"97","Puromycin-sensitive aminopeptidase","SIQQSVENIR","y6"
"98","Puromycin-sensitive aminopeptidase","SIQQSVENIR","y4"
"99","Protein disulfide-isomerase (PDI)","NNKPSDYQGGR","y8"
"100","Protein disulfide-isomerase (PDI)","NNKPSDYQGGR","y7"
"101","Protein disulfide-isomerase (PDI)","NNKPSDYQGGR","y5"
"102","Protein disulfide-isomerase (PDI)","DNVVVIGFFK","y7"
"103","Protein disulfide-isomerase (PDI)","DNVVVIGFFK","y6"
"104","Protein disulfide-isomerase (PDI)","DNVVVIGFFK","y5"
"105","Protein disulfide-isomerase (PDI)","MDSTANEVEDVK","y8"
"106","Protein disulfide-isomerase (PDI)","MDSTANEVEDVK","y7"
"107","Protein disulfide-isomerase (PDI)","MDSTANEVEDVK","y5"
"108","Arachidonate 5-lipoxygenase","APGLPAQIK","y6"
"109","Arachidonate 5-lipoxygenase","APGLPAQIK","y5"
"110","Arachidonate 5-lipoxygenase","APGLPAQIK","y4"
"111","Arachidonate 5-lipoxygenase","MDVEGTLPEDLK","y9"
"112","Arachidonate 5-lipoxygenase","MDVEGTLPEDLK","y8"
"113","Arachidonate 5-lipoxygenase","MDVEGTLPEDLK","y5"
"114","Arachidonate 5-lipoxygenase","GLGLGGVPGQNGK","y9"
"115","Arachidonate 5-lipoxygenase","GLGLGGVPGQNGK","y8"
"116","Arachidonate 5-lipoxygenase","GLGLGGVPGQNGK","y6"
